,index,ingredient_type
0,0,mezcal
1,1,syrup
2,2,citrus
3,3,mixer
4,4,gin
5,5,syrup
6,6,citrus
7,7,cold
8,8,wine
9,9,bitters
10,11,brandy
11,12,citrus
12,13,syrup
13,14,citrus
14,15,grain
15,16,brandy
16,17,wine
17,19,syrup
18,20,absinthe
19,21,liqueur
20,22,sour
21,23,brandy
22,24,liqueur
23,25,liqueur
24,26,herbal
25,27,gin
26,28,syrup
27,29,wine
28,30,citrus
29,31,absinthe
30,32,sugar
31,33,mixer
32,34,whiskey
33,35,citrus
34,36,liqueur
35,37,syrup
36,38,egg
37,39,vodka
38,40,liqueur
39,41,citrus
40,42,syrup
41,43,beer
42,44,cognac
43,45,liqueur
44,46,liqueur
45,47,citrus
46,48,champagne
47,49,liqueur
48,50,mixer
49,51,nut
50,52,cream
51,53,spice
52,54,tea
53,55,liqueur
54,56,citrus
55,57,syrup
56,58,bitters
57,59,mezcal
58,60,liqueur
59,61,liqueur
60,62,mixer
61,63,gin
62,64,citrus
63,65,fruit
64,66,herbal
65,67,citrus
66,68,mixer
67,69,liqueur
68,70,liqueur
69,71,herbal
70,72,citrus
71,73,mixer
72,74,gin
73,75,citrus
74,76,citrus
75,77,liqueur
76,78,liqueur
77,79,gin
78,80,fruit
79,81,citrus
80,82,spice
81,83,rum
82,84,rum
83,85,rum
84,86,liqueur
85,87,liqueur
86,88,cognac
87,89,citrus
88,90,syrup
89,91,herbal
90,92,liqueur
91,93,cold
92,94,citrus
93,95,gin
94,96,wine
95,97,citrus
96,98,spice
97,99,bitters
98,101,liqueur
99,102,liqueur
100,103,grain
101,104,citrus
102,105,rum
103,106,liqueur
104,107,liqueur
105,108,citrus
106,109,citrus
107,110,citrus
108,111,gin
109,112,citrus
110,113,herbal
111,114,syrup
112,115,cold
113,116,rum
114,117,liqueur
115,118,citrus
116,119,syrup
117,120,cold
118,121,liqueur
119,122,fruit
120,123,juice
121,124,whiskey
122,125,liqueur
123,126,syrup
124,127,bitters
125,128,whiskey
126,129,wine
127,130,liqueur
128,131,bitters
129,132,liqueur
130,133,citrus
131,134,citrus
132,135,syrup
133,136,spicy
134,137,liqueur
135,138,wine
136,139,nut
137,140,citrus
138,141,nut
139,142,cognac
140,144,fruit
141,145,citrus
142,146,citrus
143,147,gin
144,148,wine
145,149,liqueur
146,150,wine
147,151,liqueur
148,152,whiskey
149,153,citrus
150,154,citrus
151,155,egg
152,156,bitters
153,157,gin
154,158,vodka
155,159,vegetable
156,160,citrus
157,161,syrup
158,162,fruit
159,163,bitters
160,164,liqueur
161,165,citrus
162,166,syrup
163,167,liqueur
164,168,fruit
165,169,cream
166,170,syrup
167,171,gin
168,172,wine
169,173,liqueur
170,174,citrus
171,175,egg
172,176,syrup
173,177,whiskey
174,178,liqueur
175,179,fruit
176,180,citrus
177,181,bitters
178,182,fruit
179,183,brandy
180,184,citrus
181,185,citrus
182,186,syrup
183,187,liqueur
184,188,cream
185,189,fruit
186,190,syrup
187,191,gin
188,192,liqueur
189,193,wine
190,194,whiskey
191,195,wine
192,196,bitters
193,197,gin
194,198,fruit
195,199,liqueur
196,200,gin
197,201,wine
198,203,liqueur
199,204,gin
200,206,liqueur
201,207,whiskey
202,208,liqueur
203,209,syrup
204,210,bitters
205,211,absinthe
206,212,rum
207,213,citrus
208,214,cold
209,215,liqueur
210,216,absinthe
211,217,mezcal
212,218,liqueur
213,219,liqueur
214,220,citrus
215,221,cognac
216,222,liqueur
217,223,citrus
218,224,syrup
219,225,egg
220,226,cognac
221,227,whiskey
222,228,liqueur
223,229,citrus
224,230,bitters
225,231,rum
226,232,bitters
227,233,spice
228,234,rum
229,235,citrus
230,236,syrup
231,237,mixer
232,238,liqueur
233,239,gin
234,240,citrus
235,241,liqueur
236,242,liqueur
237,243,mixer
238,244,liqueur
239,245,liqueur
240,246,whiskey
241,247,citrus
242,248,gin
243,249,liqueur
244,250,citrus
245,251,syrup
246,252,mixer
247,253,whiskey
248,254,citrus
249,255,cold
250,256,mixer
251,257,spice
252,258,liqueur
253,259,spice
254,260,gin
255,261,mixer
256,263,brandy
257,264,citrus
258,265,bitters
259,266,spice
260,267,cream
261,268,champagne
262,269,cream
263,270,wine
264,271,liqueur
265,272,citrus
266,273,mixer
267,274,tea
268,275,gin
269,276,wine
270,277,citrus
271,278,mixer
272,279,liqueur
273,280,champagne
274,281,cognac
275,282,spice
276,283,citrus
277,284,syrup
278,285,liqueur
279,286,vegetable
280,287,herbal
281,288,herbal
282,289,vodka
283,290,citrus
284,291,spice
285,292,brandy
286,293,wine
287,294,tea
288,296,brandy
289,297,wine
290,298,bitters
291,299,liqueur
292,300,tropical
293,301,wine
294,302,fruit
295,303,wine
296,304,liqueur
297,305,cream
298,306,syrup
299,307,citrus
300,308,mixer
301,309,whiskey
302,310,liqueur
303,311,syrup
304,312,sugar
305,313,bitters
306,314,rum
307,315,champagne
308,317,rum
309,318,tea
310,319,citrus
311,320,spice
312,321,syrup
313,322,liqueur
314,323,gin
315,324,liqueur
316,325,citrus
317,326,mixer
318,327,mixer
319,328,gin
320,329,wine
321,330,wine
322,331,bitters
323,332,absinthe
324,333,liqueur
325,334,gin
326,335,wine
327,336,liqueur
328,337,herbal
329,338,rum
330,339,tea
331,340,citrus
332,341,liqueur
333,342,liqueur
334,343,liqueur
335,344,citrus
336,345,syrup
337,346,mixer
338,347,mixer
339,348,gin
340,349,cold
341,350,liqueur
342,351,citrus
343,352,tea
344,353,rum
345,354,liqueur
346,355,citrus
347,356,spice
348,357,champagne
349,358,liqueur
350,359,wine
351,360,gin
352,361,wine
353,362,liqueur
354,363,cold
355,364,citrus
356,365,rum
357,366,syrup
358,367,mixer
359,368,citrus
360,369,spice
361,370,whiskey
362,371,fruit
363,372,spice
364,373,liqueur
365,374,mixer
366,375,liqueur
367,376,gin
368,377,cream
369,378,citrus
370,379,spice
371,380,brandy
372,381,liqueur
373,382,citrus
374,383,syrup
375,384,fruit
376,385,spice
377,386,cognac
378,387,syrup
379,388,liqueur
380,389,bitters
381,390,whiskey
382,391,liqueur
383,392,cold
384,393,liqueur
385,394,bitters
386,395,wine
387,396,wine
388,397,citrus
389,398,syrup
390,399,liqueur
391,400,citrus
392,401,rum
393,402,citrus
394,403,mixer
395,404,whiskey
396,405,wine
397,406,bitters
398,407,syrup
399,408,whiskey
400,409,syrup
401,410,mixer
402,411,spice
403,412,whiskey
404,414,mixer
405,415,liqueur
406,416,citrus
407,417,mixer
408,418,liqueur
409,419,champagne
410,420,mixer
411,421,liqueur
412,422,brandy
413,423,mixer
414,424,liqueur
415,425,liqueur
416,426,spice
417,427,mixer
418,428,gin
419,429,liqueur
420,430,wine
421,431,whiskey
422,432,liqueur
423,433,liqueur
424,434,citrus
425,435,mixer
426,436,bitters
427,437,cognac
428,438,gin
429,439,citrus
430,440,liqueur
431,441,bitters
432,442,mezcal
433,443,liqueur
434,444,citrus
435,445,juice
436,446,syrup
437,447,whiskey
438,448,liqueur
439,449,wine
440,450,mixer
441,451,rum
442,452,liqueur
443,453,liqueur
444,454,citrus
445,455,citrus
446,456,cognac
447,457,wine
448,458,liqueur
449,459,citrus
450,460,citrus
451,461,cream
452,462,egg
453,463,spirit
454,464,liqueur
455,465,tea
456,466,wine
457,467,cognac
458,468,wine
459,469,wine
460,470,liqueur
461,471,liqueur
462,472,spirit
463,473,liqueur
464,474,citrus
465,475,syrup
466,476,egg
467,477,beer
468,478,herbal
469,479,gin
470,480,liqueur
471,481,liqueur
472,482,liqueur
473,483,gin
474,484,gin
475,485,syrup
476,486,bitters
477,487,whiskey
478,488,mixer
479,489,wine
480,490,citrus
481,491,gin
482,494,mixer
483,495,vegetable
484,496,spice
485,497,liqueur
486,498,syrup
487,499,citrus
488,500,wine
489,501,gin
490,502,liqueur
491,503,syrup
492,504,citrus
493,505,mixer
494,506,herbal
495,507,liqueur
496,508,citrus
497,509,syrup
498,510,egg
499,511,mixer
500,512,cognac
501,513,liqueur
502,514,absinthe
503,515,wine
504,516,whiskey
505,517,liqueur
506,519,mixer
507,520,citrus
508,521,egg
509,522,bitters
510,523,vodka
511,524,cold
512,526,citrus
513,527,liqueur
514,528,rum
515,529,citrus
516,530,mixer
517,531,mixer
518,532,fruit
519,533,vodka
520,534,brandy
521,535,wine
522,536,wine
523,537,wine
524,538,vodka
525,539,mixer
526,540,wine
527,541,citrus
528,542,liqueur
529,543,liqueur
530,544,vodka
531,545,wine
532,546,liqueur
533,548,gin
534,549,wine
535,550,beer
536,551,liqueur
537,552,absinthe
538,553,citrus
539,554,whiskey
540,555,wine
541,556,liqueur
542,557,bitters
543,558,gin
544,559,brandy
545,560,syrup
546,561,citrus
547,562,absinthe
548,563,gin
549,564,wine
550,565,vegetable
551,566,whiskey
552,567,cognac
553,569,liqueur
554,571,whiskey
555,572,wine
556,573,syrup
557,574,citrus
558,575,gin
559,576,liqueur
560,578,wine
561,579,cold
562,580,citrus
563,581,syrup
564,582,tea
565,583,vodka
566,584,citrus
567,585,cold
568,586,syrup
569,587,citrus
570,588,herbal
571,589,liqueur
572,590,syrup
573,591,nut
574,592,mixer
575,593,bitters
576,594,mezcal
577,595,fruit
578,596,spice
579,597,bitters
580,598,fruit
581,599,wine
582,600,liqueur
583,601,citrus
584,602,wine
585,603,wine
586,604,rum
587,605,vegetable
588,606,herbal
589,607,gin
590,608,citrus
591,609,spice
592,610,citrus
593,611,spice
594,612,egg
595,613,juice
596,614,vodka
597,616,cold
598,617,citrus
599,618,syrup
600,619,wine
601,620,citrus
602,621,syrup
603,622,spice
604,623,nut
605,624,egg
606,626,liqueur
607,627,cognac
608,628,liqueur
609,629,liqueur
610,630,liqueur
611,631,liqueur
612,632,fruit
613,633,citrus
614,634,rum
615,635,citrus
616,636,mixer
617,637,cold
618,638,wine
619,639,spice
620,641,nut
621,643,fruit
622,644,fruit
623,645,mixer
624,647,liqueur
625,648,gin
626,649,citrus
627,650,liqueur
628,651,liqueur
629,652,brandy
630,653,syrup
631,655,herbal
632,656,citrus
633,657,wine
634,658,herbal
635,659,cold
636,660,syrup
637,661,vegetable
638,662,liqueur
639,663,citrus
640,664,syrup
641,665,egg
642,666,herbal
643,667,whiskey
644,668,bitters
645,669,wine
646,670,bitters
647,671,gin
648,672,liqueur
649,673,liqueur
650,674,syrup
651,675,citrus
652,676,citrus
653,677,mixer
654,678,vodka
655,679,cold
656,680,wine
657,681,whiskey
658,682,wine
659,683,liqueur
660,684,nut
661,685,vodka
662,686,gin
663,687,liqueur
664,688,vodka
665,689,syrup
666,690,bitters
667,691,gin
668,692,liqueur
669,693,brandy
670,694,liqueur
671,695,wine
672,696,gin
673,697,liqueur
674,698,citrus
675,699,herbal
676,700,grain
677,701,whiskey
678,702,liqueur
679,703,citrus
680,704,syrup
681,705,citrus
682,706,gin
683,707,wine
684,708,citrus
685,709,citrus
686,711,wine
687,712,gin
688,714,syrup
689,715,egg
690,716,brandy
691,717,tequila
692,719,citrus
693,720,citrus
694,721,syrup
695,722,vodka
696,723,brandy
697,724,wine
698,725,liqueur
699,726,bitters
700,727,bitters
701,728,vodka
702,730,citrus
703,731,syrup
704,732,liqueur
705,733,gin
706,734,citrus
707,735,syrup
708,736,mixer
709,737,citrus
710,738,wine
711,739,tea
712,740,champagne
713,741,liqueur
714,742,citrus
715,743,liqueur
716,744,herbal
717,745,whiskey
718,746,tea
719,747,spice
720,748,citrus
721,749,syrup
722,750,gin
723,751,liqueur
724,752,liqueur
725,753,bitters
726,754,bitters
727,755,whiskey
728,756,citrus
729,757,syrup
730,758,wine
731,759,gin
732,760,liqueur
733,761,cold
734,762,citrus
735,763,wine
736,764,spicy
737,765,cognac
738,766,liqueur
739,767,nut
740,768,vodka
741,769,liqueur
742,770,citrus
743,771,spice
744,772,vodka
745,774,citrus
746,775,citrus
747,776,beer
748,777,vodka
749,778,liqueur
750,779,beer
751,780,citrus
752,781,syrup
753,782,egg
754,783,bitters
755,784,cognac
756,786,mixer
757,787,cold
758,788,spirit
759,789,wine
760,790,liqueur
761,791,citrus
762,792,whiskey
763,793,wine
764,794,wine
765,795,liqueur
766,796,gin
767,797,liqueur
768,798,mixer
769,799,citrus
770,800,gin
771,801,liqueur
772,802,citrus
773,803,spice
774,804,citrus
775,805,gin
776,806,wine
777,807,liqueur
778,808,citrus
779,809,gin
780,811,wine
781,812,liqueur
782,813,brandy
783,814,gin
784,815,gin
785,816,tea
786,817,juice
787,818,spice
788,820,bitters
789,821,whiskey
790,822,wine
791,823,citrus
792,824,liqueur
793,825,gin
794,826,citrus
795,827,liqueur
796,828,spice
797,829,gin
798,831,liqueur
799,832,citrus
800,833,syrup
801,834,herbal
802,835,grain
803,836,wine
804,837,liqueur
805,838,gin
806,839,wine
807,840,liqueur
808,841,bitters
809,842,gin
810,845,fruit
811,846,liqueur
812,847,wine
813,848,champagne
814,849,liqueur
815,851,brandy
816,852,champagne
817,853,liqueur
818,854,liqueur
819,855,gin
820,856,mixer
821,857,nut
822,858,nut
823,859,mixer
824,860,liqueur
825,861,gin
826,862,mixer
827,863,citrus
828,864,liqueur
829,865,liqueur
830,866,liqueur
831,867,citrus
832,868,spice
833,869,beer
834,870,bitters
835,871,whiskey
836,872,absinthe
837,873,hot
838,874,cream
839,875,rum
840,876,liqueur
841,877,citrus
842,878,liqueur
843,879,syrup
844,880,gin
845,881,wine
846,882,liqueur
847,883,citrus
848,884,vodka
849,885,cold
850,886,mixer
851,887,fruit
852,888,gin
853,889,liqueur
854,890,citrus
855,891,spicy
856,892,liqueur
857,893,rum
858,894,mixer
859,895,citrus
860,896,rum
861,897,spice
862,898,citrus
863,899,wine
864,900,liqueur
865,901,liqueur
866,902,citrus
867,903,vodka
868,904,liqueur
869,905,citrus
870,906,spice
871,907,spice
872,908,mixer
873,909,citrus
874,910,sugar
875,912,rum
876,913,champagne
877,914,bitters
878,915,fruit
879,916,liqueur
880,917,rum
881,918,beer
882,919,citrus
883,920,syrup
884,921,wine
885,922,liqueur
886,923,citrus
887,924,fruit
888,925,egg
889,926,liqueur
890,927,whiskey
891,928,citrus
892,929,bitters
893,930,egg
894,931,whiskey
895,932,liqueur
896,933,syrup
897,934,citrus
898,935,egg
899,936,gin
900,937,liqueur
901,938,rum
902,939,sugar
903,940,egg
904,941,cream
905,942,cream
906,943,whiskey
907,944,liqueur
908,945,liqueur
909,946,juice
910,947,fruit
911,948,egg
912,949,brandy
913,950,citrus
914,951,syrup
915,952,egg
916,953,gin
917,954,wine
918,955,liqueur
919,956,herbal
920,957,citrus
921,958,cold
922,959,egg
923,960,rum
924,961,liqueur
925,962,syrup
926,963,egg
927,964,spice
928,965,rum
929,966,liqueur
930,967,syrup
931,968,citrus
932,969,citrus
933,970,egg
934,971,cognac
935,972,rum
936,973,rum
937,974,spice
938,975,cream
939,976,spice
940,977,egg
941,978,wine
942,979,rum
943,980,citrus
944,981,liqueur
945,982,cream
946,983,brandy
947,984,liqueur
948,985,brandy
949,986,citrus
950,987,egg
951,988,liqueur
952,989,spice
953,990,citrus
954,991,syrup
955,992,egg
956,993,wine
957,994,citrus
958,996,egg
959,997,wine
960,998,liqueur
961,999,citrus
962,1000,citrus
963,1001,syrup
964,1002,egg
965,1003,liqueur
966,1004,juice
967,1005,cream
968,1006,spice
969,1007,mezcal
970,1008,spice
971,1009,fruit
972,1010,citrus
973,1011,cold
974,1012,herbal
975,1014,mezcal
976,1015,bitters
977,1016,liqueur
978,1017,citrus
979,1018,rum
980,1019,rum
981,1020,citrus
982,1021,liqueur
983,1022,syrup
984,1023,cold
985,1024,bitters
986,1025,liqueur
987,1026,citrus
988,1027,mixer
989,1028,cognac
990,1029,liqueur
991,1030,bitters
992,1031,vodka
993,1032,liqueur
994,1033,liqueur
995,1034,citrus
996,1035,syrup
997,1037,liqueur
998,1038,spice
999,1039,bitters
1000,1040,mixer
1001,1041,wine
1002,1042,liqueur
1003,1043,whiskey
1004,1044,bitters
1005,1045,liqueur
1006,1046,citrus
1007,1047,gin
1008,1048,liqueur
1009,1049,liqueur
1010,1050,mixer
1011,1051,wine
1012,1052,liqueur
1013,1053,citrus
1014,1054,mixer
1015,1055,liqueur
1016,1056,brandy
1017,1057,liqueur
1018,1058,wine
1019,1059,mixer
1020,1060,brandy
1021,1061,citrus
1022,1062,syrup
1023,1063,egg
1024,1064,bitters
1025,1065,mezcal
1026,1066,syrup
1027,1067,cold
1028,1068,citrus
1029,1069,liqueur
1030,1070,citrus
1031,1071,fruit
1032,1072,liqueur
1033,1073,liqueur
1034,1075,syrup
1035,1076,citrus
1036,1077,fruit
1037,1078,wine
1038,1079,brandy
1039,1080,cold
1040,1081,citrus
1041,1082,mixer
1042,1083,egg
1043,1084,rum
1044,1085,syrup
1045,1086,citrus
1046,1087,gin
1047,1088,spice
1048,1089,citrus
1049,1090,mixer
1050,1091,gin
1051,1093,liqueur
1052,1094,gin
1053,1095,citrus
1054,1096,syrup
1055,1097,whiskey
1056,1099,juice
1057,1100,spice
1058,1101,bitters
1059,1103,fruit
1060,1104,sugar
1061,1105,citrus
1062,1106,liqueur
1063,1107,spice
1064,1108,spice
1065,1109,spice
1066,1111,spice
1067,1112,tequila
1068,1113,liqueur
1069,1114,bitters
1070,1115,rum
1071,1116,liqueur
1072,1117,nut
1073,1118,citrus
1074,1119,sugar
1075,1120,bitters
1076,1121,fruit
1077,1122,rum
1078,1123,vodka
1079,1124,vodka
1080,1126,syrup
1081,1127,coffee
1082,1128,coffee
1083,1129,vodka
1084,1130,bitters
1085,1131,citrus
1086,1132,syrup
1087,1133,spice
1088,1134,cold
1089,1135,vodka
1090,1136,wine
1091,1137,spice
1092,1138,syrup
1093,1139,spice
1094,1140,spice
1095,1141,egg
1096,1142,vodka
1097,1143,citrus
1098,1144,liqueur
1099,1145,cold
1100,1146,fruit
1101,1147,fruit
1102,1148,vodka
1103,1149,cold
1104,1150,syrup
1105,1151,wine
1106,1152,spice
1107,1153,vodka
1108,1154,spice
1109,1155,liqueur
1110,1156,spice
1111,1157,syrup
1112,1158,fruit
1113,1159,nut
1114,1160,vodka
1115,1161,citrus
1116,1162,citrus
1117,1163,syrup
1118,1164,spice
1119,1165,liqueur
1120,1166,citrus
1121,1167,juice
1122,1168,fruit
1123,1169,vodka
1124,1170,citrus
1125,1171,champagne
1126,1172,vodka
1127,1173,liqueur
1128,1174,cream
1129,1175,mixer
1130,1176,vodka
1131,1177,spice
1132,1178,mixer
1133,1179,whiskey
1134,1180,liqueur
1135,1181,liqueur
1136,1182,citrus
1137,1183,liqueur
1138,1184,bitters
1139,1185,citrus
1140,1186,gin
1141,1187,liqueur
1142,1188,wine
1143,1189,citrus
1144,1190,vodka
1145,1191,bitters
1146,1192,spice
1147,1193,citrus
1148,1194,cold
1149,1195,herbal
1150,1196,vegetable
1151,1197,whiskey
1152,1198,cognac
1153,1199,wine
1154,1200,liqueur
1155,1201,bitters
1156,1202,bitters
1157,1203,mezcal
1158,1204,citrus
1159,1205,juice
1160,1206,spice
1161,1207,fruit
1162,1208,rum
1163,1209,nut
1164,1210,liqueur
1165,1211,liqueur
1166,1212,rum
1167,1213,cold
1168,1214,citrus
1169,1215,cold
1170,1216,fruit
1171,1217,beer
1172,1218,tequila
1173,1219,liqueur
1174,1221,mixer
1175,1222,mixer
1176,1223,gin
1177,1224,liqueur
1178,1225,wine
1179,1226,citrus
1180,1227,gin
1181,1228,spice
1182,1229,liqueur
1183,1230,citrus
1184,1231,egg
1185,1232,beer
1186,1233,gin
1187,1235,liqueur
1188,1236,citrus
1189,1237,fruit
1190,1238,gin
1191,1239,citrus
1192,1240,syrup
1193,1241,herbal
1194,1242,spice
1195,1243,liqueur
1196,1244,sour
1197,1245,champagne
1198,1246,cold
1199,1247,herbal
1200,1248,whiskey
1201,1249,syrup
1202,1250,wine
1203,1251,rum
1204,1252,syrup
1205,1253,citrus
1206,1254,herbal
1207,1255,spice
1208,1256,whiskey
1209,1257,wine
1210,1258,wine
1211,1259,wine
1212,1260,gin
1213,1261,syrup
1214,1262,citrus
1215,1263,syrup
1216,1264,herbal
1217,1265,whiskey
1218,1266,cream
1219,1267,liqueur
1220,1268,bitters
1221,1269,rum
1222,1270,liqueur
1223,1271,cream
1224,1272,syrup
1225,1273,tequila
1226,1274,mezcal
1227,1275,liqueur
1228,1276,syrup
1229,1277,mixer
1230,1278,sugar
1231,1279,liqueur
1232,1280,vodka
1233,1281,nut
1234,1282,citrus
1235,1283,mixer
1236,1284,vodka
1237,1285,wine
1238,1286,cold
1239,1287,mixer
1240,1288,spicy
1241,1289,herbal
1242,1290,vodka
1243,1291,cold
1244,1292,liqueur
1245,1293,citrus
1246,1294,spice
1247,1295,spice
1248,1297,vegetable
1249,1298,vegetable
1250,1299,fruit
1251,1301,beer
1252,1302,vegetable
1253,1303,spice
1254,1305,liqueur
1255,1306,juice
1256,1307,juice
1257,1308,spice
1258,1309,wine
1259,1310,citrus
1260,1311,fruit
1261,1312,fruit
1262,1313,gin
1263,1314,liqueur
1264,1315,nut
1265,1316,citrus
1266,1317,citrus
1267,1318,bitters
1268,1319,rum
1269,1320,citrus
1270,1321,citrus
1271,1322,spice
1272,1323,syrup
1273,1324,citrus
1274,1325,gin
1275,1326,whiskey
1276,1327,liqueur
1277,1328,beer
1278,1329,bitters
1279,1330,citrus
1280,1331,gin
1281,1332,cognac
1282,1333,tea
1283,1334,liqueur
1284,1335,mixer
1285,1336,citrus
1286,1337,nut
1287,1338,liqueur
1288,1339,liqueur
1289,1340,citrus
1290,1341,syrup
1291,1342,fruit
1292,1343,mixer
1293,1344,cognac
1294,1345,citrus
1295,1346,citrus
1296,1348,syrup
1297,1349,bitters
1298,1350,gin
1299,1351,wine
1300,1352,liqueur
1301,1353,vodka
1302,1354,citrus
1303,1355,syrup
1304,1356,spice
1305,1357,spice
1306,1358,gin
1307,1359,liqueur
1308,1360,liqueur
1309,1361,wine
1310,1362,whiskey
1311,1363,liqueur
1312,1364,citrus
1313,1365,cold
1314,1366,syrup
1315,1368,spirit
1316,1369,liqueur
1317,1370,liqueur
1318,1371,citrus
1319,1372,fruit
1320,1373,cognac
1321,1374,citrus
1322,1375,syrup
1323,1376,wine
1324,1377,brandy
1325,1378,liqueur
1326,1379,mixer
1327,1380,citrus
1328,1381,citrus
1329,1382,wine
1330,1383,liqueur
1331,1384,liqueur
1332,1385,citrus
1333,1386,syrup
1334,1387,vodka
1335,1388,spice
1336,1389,bitters
1337,1390,chocolate
1338,1391,rum
1339,1392,citrus
1340,1393,syrup
1341,1394,herbal
1342,1396,cold
1343,1398,vodka
1344,1399,citrus
1345,1400,syrup
1346,1401,citrus
1347,1402,herbal
1348,1403,spice
1349,1404,rum
1350,1405,citrus
1351,1406,liqueur
1352,1407,citrus
1353,1408,syrup
1354,1409,mixer
1355,1410,brandy
1356,1411,citrus
1357,1412,liqueur
1358,1413,liqueur
1359,1414,herbal
1360,1415,fruit
1361,1416,vodka
1362,1417,fruit
1363,1419,citrus
1364,1420,mixer
1365,1421,liqueur
1366,1422,spice
1367,1423,whiskey
1368,1424,syrup
1369,1425,citrus
1370,1426,bitters
1371,1427,citrus
1372,1428,citrus
1373,1429,fruit
1374,1430,brandy
1375,1431,syrup
1376,1432,citrus
1377,1433,citrus
1378,1434,mixer
1379,1435,mixer
1380,1436,cold
1381,1437,herbal
1382,1438,whiskey
1383,1439,spice
1384,1440,citrus
1385,1441,spice
1386,1442,whiskey
1387,1443,liqueur
1388,1444,bitters
1389,1445,rum
1390,1446,liqueur
1391,1447,syrup
1392,1448,citrus
1393,1449,beer
1394,1450,citrus
1395,1451,spice
1396,1452,rum
1397,1453,syrup
1398,1454,citrus
1399,1455,liqueur
1400,1456,beer
1401,1457,citrus
1402,1458,spice
1403,1459,liqueur
1404,1460,fruit
1405,1461,citrus
1406,1462,fruit
1407,1463,wine
1408,1464,liqueur
1409,1465,fruit
1410,1466,citrus
1411,1467,fruit
1412,1468,tequila
1413,1469,liqueur
1414,1470,cold
1415,1471,citrus
1416,1472,syrup
1417,1473,spice
1418,1474,herbal
1419,1475,whiskey
1420,1476,nut
1421,1478,liqueur
1422,1479,wine
1423,1480,tea
1424,1481,citrus
1425,1482,syrup
1426,1483,fruit
1427,1484,mixer
1428,1485,sugar
1429,1486,fruit
1430,1487,vodka
1431,1488,bitters
1432,1489,liqueur
1433,1490,bitters
1434,1491,citrus
1435,1492,herbal
1436,1493,mixer
1437,1494,gin
1438,1495,liqueur
1439,1496,liqueur
1440,1497,liqueur
1441,1498,fruit
1442,1499,rum
1443,1500,gin
1444,1501,liqueur
1445,1502,liqueur
1446,1503,citrus
1447,1504,fruit
1448,1505,fruit
1449,1507,grain
1450,1508,liqueur
1451,1509,citrus
1452,1510,syrup
1453,1511,egg
1454,1512,spice
1455,1513,whiskey
1456,1514,liqueur
1457,1515,bitters
1458,1516,citrus
1459,1517,gin
1460,1518,liqueur
1461,1519,liqueur
1462,1520,citrus
1463,1521,syrup
1464,1522,citrus
1465,1523,gin
1466,1524,wine
1467,1525,citrus
1468,1526,spice
1469,1527,egg
1470,1528,herbal
1471,1529,gin
1472,1530,liqueur
1473,1531,citrus
1474,1532,syrup
1475,1533,cold
1476,1535,fruit
1477,1537,whiskey
1478,1538,liqueur
1479,1539,citrus
1480,1540,citrus
1481,1541,egg
1482,1542,wine
1483,1543,wine
1484,1544,citrus
1485,1545,cognac
1486,1546,liqueur
1487,1547,liqueur
1488,1548,bitters
1489,1549,nut
1490,1550,liqueur
1491,1551,nut
1492,1552,nut
1493,1553,beer
1494,1554,wine
1495,1555,fruit
1496,1556,herbal
1497,1557,whiskey
1498,1558,wine
1499,1559,liqueur
1500,1560,mixer
1501,1561,gin
1502,1562,mixer
1503,1563,mixer
1504,1564,gin
1505,1565,liqueur
1506,1566,liqueur
1507,1567,citrus
1508,1568,liqueur
1509,1569,citrus
1510,1570,wine
1511,1571,fruit
1512,1572,fruit
1513,1573,brandy
1514,1575,citrus
1515,1576,egg
1516,1577,whiskey
1517,1578,liqueur
1518,1579,herbal
1519,1580,citrus
1520,1581,liqueur
1521,1582,citrus
1522,1583,fruit
1523,1584,syrup
1524,1585,brandy
1525,1586,wine
1526,1587,liqueur
1527,1588,citrus
1528,1589,vegetable
1529,1590,herbal
1530,1592,liqueur
1531,1593,citrus
1532,1594,mixer
1533,1595,herbal
1534,1596,bitters
1535,1597,brandy
1536,1598,liqueur
1537,1599,herbal
1538,1600,liqueur
1539,1601,liqueur
1540,1602,liqueur
1541,1603,wine
1542,1604,mixer
1543,1605,herbal
1544,1606,gin
1545,1607,citrus
1546,1608,liqueur
1547,1609,cream
1548,1610,citrus
1549,1611,mixer
1550,1612,liqueur
1551,1613,champagne
1552,1614,liqueur
1553,1615,champagne
1554,1616,liqueur
1555,1618,mixer
1556,1619,rum
1557,1620,gin
1558,1621,vodka
1559,1622,liqueur
1560,1623,wine
1561,1624,bitters
1562,1625,liqueur
1563,1626,liqueur
1564,1627,cold
1565,1628,citrus
1566,1629,grain
1567,1630,liqueur
1568,1632,bitters
1569,1633,gin
1570,1634,wine
1571,1635,liqueur
1572,1636,whiskey
1573,1637,wine
1574,1638,liqueur
1575,1639,citrus
1576,1640,liqueur
1577,1641,wine
1578,1642,liqueur
1579,1643,mixer
1580,1644,liqueur
1581,1645,citrus
1582,1646,mixer
1583,1647,brandy
1584,1648,herbal
1585,1649,herbal
1586,1650,mezcal
1587,1653,mixer
1588,1654,cold
1589,1655,citrus
1590,1656,champagne
1591,1657,cognac
1592,1658,brandy
1593,1659,citrus
1594,1660,whiskey
1595,1661,syrup
1596,1662,herbal
1597,1663,liqueur
1598,1664,citrus
1599,1665,spice
1600,1666,herbal
1601,1667,liqueur
1602,1668,liqueur
1603,1669,mixer
1604,1670,citrus
1605,1671,gin
1606,1672,liqueur
1607,1673,wine
1608,1674,wine
1609,1675,bitters
1610,1676,liqueur
1611,1677,spice
1612,1678,bitters
1613,1679,gin
1614,1680,citrus
1615,1681,mixer
1616,1682,gin
1617,1683,mixer
1618,1684,liqueur
1619,1685,whiskey
1620,1686,citrus
1621,1687,liqueur
1622,1688,liqueur
1623,1689,citrus
1624,1690,whiskey
1625,1691,vodka
1626,1692,citrus
1627,1693,mixer
1628,1694,tea
1629,1695,wine
1630,1696,tea
1631,1697,citrus
1632,1698,liqueur
1633,1699,liqueur
1634,1700,citrus
1635,1701,tea
1636,1702,cold
1637,1703,tea
1638,1704,syrup
1639,1705,citrus
1640,1706,fruit
1641,1707,champagne
1642,1708,gin
1643,1709,wine
1644,1710,citrus
1645,1711,liqueur
1646,1712,vodka
1647,1713,citrus
1648,1714,liqueur
1649,1715,citrus
1650,1716,liqueur
1651,1717,liqueur
1652,1718,citrus
1653,1719,whiskey
1654,1720,liqueur
1655,1721,citrus
1656,1722,mixer
1657,1723,tea
1658,1724,liqueur
1659,1725,citrus
1660,1726,syrup
1661,1727,herbal
1662,1728,cold
1663,1729,rum
1664,1730,citrus
1665,1731,nut
1666,1732,whiskey
1667,1733,liqueur
1668,1734,liqueur
1669,1735,liqueur
1670,1736,syrup
1671,1737,herbal
1672,1738,citrus
1673,1739,tea
1674,1740,citrus
1675,1741,mixer
1676,1742,wine
1677,1743,syrup
1678,1744,wine
1679,1745,cold
1680,1746,liqueur
1681,1747,liqueur
1682,1748,cream
1683,1749,herbal
1684,1750,cold
1685,1751,liqueur
1686,1752,bitters
1687,1753,liqueur
1688,1754,whiskey
1689,1755,mixer
1690,1756,liqueur
1691,1757,citrus
1692,1758,syrup
1693,1759,beer
1694,1760,bitters
1695,1761,nut
1696,1762,cream
1697,1764,sugar
1698,1765,citrus
1699,1767,sugar
1700,1768,sugar
1701,1770,fruit
1702,1771,cold
1703,1772,cream
1704,1774,sugar
1705,1775,vodka
1706,1776,sugar
1707,1777,bitters
1708,1778,herbal
1709,1779,vodka
1710,1780,citrus
1711,1781,syrup
1712,1782,wine
1713,1783,citrus
1714,1784,egg
1715,1785,bitters
1716,1786,cognac
1717,1787,liqueur
1718,1788,syrup
1719,1789,bitters
1720,1790,bitters
1721,1791,absinthe
1722,1792,liqueur
1723,1793,vegetable
1724,1794,citrus
1725,1795,mixer
1726,1796,brandy
1727,1797,gin
1728,1799,liqueur
1729,1800,bitters
1730,1802,gin
1731,1803,wine
1732,1804,liqueur
1733,1805,citrus
1734,1806,absinthe
1735,1807,absinthe
1736,1808,cognac
1737,1809,wine
1738,1810,sugar
1739,1811,gin
1740,1812,liqueur
1741,1813,liqueur
1742,1814,citrus
1743,1815,absinthe
1744,1816,liqueur
1745,1817,gin
1746,1818,wine
1747,1820,mixer
1748,1821,liqueur
1749,1822,liqueur
1750,1823,bitters
1751,1824,cold
1752,1825,mixer
1753,1826,gin
1754,1827,cold
1755,1828,spice
1756,1829,citrus
1757,1830,mixer
1758,1831,liqueur
1759,1832,juice
1760,1833,cold
1761,1834,gin
1762,1835,citrus
1763,1836,spice
1764,1837,cold
1765,1838,bitters
1766,1839,whiskey
1767,1840,citrus
1768,1841,syrup
1769,1842,liqueur
1770,1843,citrus
1771,1844,spice
1772,1845,fruit
1773,1846,whiskey
1774,1847,wine
1775,1848,bitters
1776,1849,syrup
1777,1850,liqueur
1778,1851,whiskey
1779,1852,tequila
1780,1853,liqueur
1781,1854,liqueur
1782,1855,citrus
1783,1856,whiskey
1784,1857,liqueur
1785,1858,liqueur
1786,1859,bitters
1787,1860,liqueur
1788,1861,mixer
1789,1862,bitters
1790,1863,gin
1791,1864,liqueur
1792,1865,cold
1793,1866,syrup
1794,1867,citrus
1795,1868,spicy
1796,1869,mixer
1797,1870,whiskey
1798,1871,spice
1799,1872,cream
1800,1873,syrup
1801,1874,egg
1802,1875,mixer
1803,1876,wine
1804,1877,citrus
1805,1878,syrup
1806,1879,vodka
1807,1880,liqueur
1808,1881,citrus
1809,1882,syrup
1810,1883,liqueur
1811,1884,liqueur
1812,1885,liqueur
1813,1886,citrus
1814,1887,citrus
1815,1888,cognac
1816,1889,wine
1817,1891,syrup
1818,1892,whiskey
1819,1893,rum
1820,1894,liqueur
1821,1895,citrus
1822,1896,citrus
1823,1897,syrup
1824,1898,nut
1825,1899,fruit
1826,1900,cream
1827,1901,citrus
1828,1902,herbal
1829,1903,gin
1830,1904,tea
1831,1905,citrus
1832,1906,citrus
1833,1907,spice
1834,1908,wine
1835,1909,wine
1836,1910,citrus
1837,1911,syrup
1838,1912,gin
1839,1913,wine
1840,1915,syrup
1841,1916,spice
1842,1917,bitters
1843,1918,gin
1844,1919,liqueur
1845,1920,syrup
1846,1921,citrus
1847,1922,tea
1848,1923,rum
1849,1924,fruit
1850,1925,syrup
1851,1926,citrus
1852,1927,spice
1853,1928,mezcal
1854,1930,citrus
1855,1932,spice
1856,1933,gin
1857,1934,liqueur
1858,1935,citrus
1859,1936,syrup
1860,1937,spice
1861,1938,gin
1862,1940,citrus
1863,1941,citrus
1864,1942,gin
1865,1943,liqueur
1866,1944,cold
1867,1945,syrup
1868,1946,bitters
1869,1947,vodka
1870,1948,liqueur
1871,1949,citrus
1872,1950,citrus
1873,1951,wine
1874,1952,liqueur
1875,1953,liqueur
1876,1954,cold
1877,1955,spice
1878,1956,gin
1879,1957,cream
1880,1958,cream
1881,1959,mixer
1882,1960,gin
1883,1961,liqueur
1884,1962,citrus
1885,1963,bitters
1886,1964,gin
1887,1965,citrus
1888,1966,fruit
1889,1967,syrup
1890,1968,bitters
1891,1969,brandy
1892,1970,citrus
1893,1971,spice
1894,1972,syrup
1895,1973,mixer
1896,1974,brandy
1897,1975,citrus
1898,1976,syrup
1899,1977,liqueur
1900,1978,cognac
1901,1979,liqueur
1902,1980,liqueur
1903,1981,citrus
1904,1982,cold
1905,1983,gin
1906,1984,cognac
1907,1985,liqueur
1908,1986,liqueur
1909,1987,citrus
1910,1988,rum
1911,1989,liqueur
1912,1990,liqueur
1913,1991,citrus
1914,1992,egg
1915,1993,gin
1916,1994,liqueur
1917,1995,syrup
1918,1996,citrus
1919,1997,fruit
1920,1998,liqueur
1921,1999,gin
1922,2000,liqueur
1923,2001,citrus
1924,2002,gin
1925,2003,liqueur
1926,2004,citrus
1927,2005,egg
1928,2006,vodka
1929,2007,liqueur
1930,2008,liqueur
1931,2009,sour
1932,2010,egg
1933,2011,whiskey
1934,2012,liqueur
1935,2013,liqueur
1936,2014,citrus
1937,2015,egg
1938,2016,brandy
1939,2017,gin
1940,2018,liqueur
1941,2019,citrus
1942,2020,herbal
1943,2021,brandy
1944,2022,gin
1945,2023,liqueur
1946,2024,citrus
1947,2025,citrus
1948,2026,spice
1949,2027,liqueur
1950,2028,sour
1951,2029,fruit
1952,2030,egg
1953,2031,spicy
1954,2032,gin
1955,2033,citrus
1956,2034,liqueur
1957,2035,syrup
1958,2036,gin
1959,2038,fruit
1960,2039,citrus
1961,2040,syrup
1962,2041,liqueur
1963,2042,liqueur
1964,2043,mezcal
1965,2044,gin
1966,2045,cold
1967,2046,citrus
1968,2047,bitters
1969,2048,spice
1970,2049,whiskey
1971,2050,liqueur
1972,2051,mezcal
1973,2052,syrup
1974,2053,citrus
1975,2054,herbal
1976,2055,champagne
1977,2056,cognac
1978,2058,wine
1979,2059,cognac
1980,2062,liqueur
1981,2063,citrus
1982,2064,syrup
1983,2065,wine
1984,2066,genever
1985,2067,citrus
1986,2068,citrus
1987,2069,liqueur
1988,2070,bitters
1989,2071,whiskey
1990,2072,spice
1991,2073,juice
1992,2075,citrus
1993,2076,bitters
1994,2077,spice
1995,2078,wine
1996,2079,liqueur
1997,2080,syrup
1998,2081,citrus
1999,2083,grain
2000,2084,wine
2001,2085,citrus
2002,2086,spice
2003,2087,bitters
2004,2088,gin
2005,2089,liqueur
2006,2091,citrus
2007,2092,liqueur
2008,2093,wine
2009,2094,citrus
2010,2095,citrus
2011,2096,bitters
2012,2097,brandy
2013,2098,cold
2014,2099,syrup
2015,2100,liqueur
2016,2101,mixer
2017,2102,liqueur
2018,2103,liqueur
2019,2104,liqueur
2020,2105,gin
2021,2106,syrup
2022,2107,syrup
2023,2108,herbal
2024,2109,herbal
2025,2110,gin
2026,2111,citrus
2027,2112,liqueur
2028,2113,syrup
2029,2115,wine
2030,2116,liqueur
2031,2117,nut
2032,2118,liqueur
2033,2119,citrus
2034,2120,citrus
2035,2121,gin
2036,2123,citrus
2037,2124,syrup
2038,2125,bitters
2039,2126,brandy
2040,2127,cold
2041,2128,wine
2042,2129,cold
2043,2130,spice
2044,2131,citrus
2045,2132,fruit
2046,2133,whiskey
2047,2134,cream
2048,2135,cream
2049,2136,nut
2050,2137,bitters
2051,2138,tea
2052,2139,rum
2053,2140,cream
2054,2141,liqueur
2055,2142,citrus
2056,2143,syrup
2057,2144,gin
2058,2145,wine
2059,2146,fruit
2060,2147,syrup
2061,2148,vegetable
2062,2149,mixer
2063,2150,liqueur
2064,2151,wine
2065,2152,citrus
2066,2153,syrup
2067,2154,wine
2068,2155,citrus
2069,2156,gin
2070,2157,syrup
2071,2158,bitters
2072,2159,bitters
2073,2160,gin
2074,2161,citrus
2075,2162,syrup
2076,2163,vegetable
2077,2164,mixer
2078,2166,gin
2079,2167,liqueur
2080,2168,citrus
2081,2169,sugar
2082,2170,vegetable
2083,2171,mixer
2084,2172,whiskey
2085,2173,liqueur
2086,2175,sugar
2087,2176,citrus
2088,2177,mixer
2089,2178,rum
2090,2179,liqueur
2091,2180,liqueur
2092,2181,citrus
2093,2182,whiskey
2094,2183,liqueur
2095,2184,liqueur
2096,2185,citrus
2097,2186,syrup
2098,2188,gin
2099,2189,syrup
2100,2190,citrus
2101,2191,wine
2102,2192,liqueur
2103,2193,liqueur
2104,2194,coffee
2105,2195,spice
2106,2196,gin
2107,2197,liqueur
2108,2198,citrus
2109,2199,liqueur
2110,2200,vodka
2111,2201,gin
2112,2202,wine
2113,2204,cognac
2114,2205,citrus
2115,2206,syrup
2116,2207,fruit
2117,2208,gin
2118,2209,wine
2119,2210,liqueur
2120,2211,liqueur
2121,2212,rum
2122,2213,cream
2123,2214,nut
2124,2215,liqueur
2125,2216,mezcal
2126,2217,citrus
2127,2218,cold
2128,2219,liqueur
2129,2220,citrus
2130,2221,syrup
2131,2222,fruit
2132,2223,egg
2133,2224,gin
2134,2225,liqueur
2135,2226,liqueur
2136,2227,liqueur
2137,2228,citrus
2138,2229,citrus
2139,2230,bitters
2140,2231,whiskey
2141,2232,liqueur
2142,2233,liqueur
2143,2234,citrus
2144,2235,egg
2145,2236,wine
2146,2237,cognac
2147,2238,whiskey
2148,2239,liqueur
2149,2240,citrus
2150,2241,syrup
2151,2242,liqueur
2152,2243,liqueur
2153,2245,liqueur
2154,2246,citrus
2155,2247,cold
2156,2248,syrup
2157,2249,bitters
2158,2250,whiskey
2159,2251,rum
2160,2252,liqueur
2161,2253,citrus
2162,2254,beer
2163,2255,rum
2164,2256,liqueur
2165,2257,fruit
2166,2258,citrus
2167,2259,bitters
2168,2260,nut
2169,2261,vodka
2170,2262,liqueur
2171,2263,liqueur
2172,2264,sour
2173,2265,mixer
2174,2266,liqueur
2175,2267,syrup
2176,2268,citrus
2177,2269,mixer
2178,2270,gin
2179,2271,citrus
2180,2272,syrup
2181,2273,liqueur
2182,2274,liqueur
2183,2275,fruit
2184,2276,gin
2185,2277,liqueur
2186,2278,liqueur
2187,2279,citrus
2188,2280,fruit
2189,2281,gin
2190,2282,liqueur
2191,2283,liqueur
2192,2284,citrus
2193,2285,whiskey
2194,2286,liqueur
2195,2287,liqueur
2196,2288,citrus
2197,2290,liqueur
2198,2291,liqueur
2199,2292,citrus
2200,2293,brandy
2201,2294,liqueur
2202,2295,liqueur
2203,2296,citrus
2204,2297,rum
2205,2298,liqueur
2206,2299,egg
2207,2300,liqueur
2208,2301,gin
2209,2302,cold
2210,2303,mixer
2211,2304,gin
2212,2305,liqueur
2213,2306,citrus
2214,2307,egg
2215,2308,gin
2216,2309,citrus
2217,2310,syrup
2218,2311,liqueur
2219,2312,liqueur
2220,2313,gin
2221,2314,citrus
2222,2315,syrup
2223,2316,liqueur
2224,2317,liqueur
2225,2318,gin
2226,2319,fruit
2227,2320,citrus
2228,2321,syrup
2229,2322,egg
2230,2323,cognac
2231,2324,cold
2232,2325,citrus
2233,2326,syrup
2234,2327,wine
2235,2328,herbal
2236,2329,liqueur
2237,2330,citrus
2238,2331,liqueur
2239,2333,fruit
2240,2334,rum
2241,2335,liqueur
2242,2337,cream
2243,2338,mixer
2244,2339,gin
2245,2340,spice
2246,2341,wine
2247,2342,citrus
2248,2343,bitters
2249,2344,gin
2250,2346,cold
2251,2347,syrup
2252,2348,citrus
2253,2349,citrus
2254,2350,mezcal
2255,2351,liqueur
2256,2352,nut
2257,2353,citrus
2258,2354,rum
2259,2355,citrus
2260,2356,cold
2261,2357,liqueur
2262,2358,liqueur
2263,2359,citrus
2264,2360,egg
2265,2362,citrus
2266,2363,liqueur
2267,2364,citrus
2268,2365,syrup
2269,2366,egg
2270,2367,genever
2271,2368,liqueur
2272,2369,absinthe
2273,2370,citrus
2274,2371,tequila
2275,2372,liqueur
2276,2373,liqueur
2277,2374,citrus
2278,2375,liqueur
2279,2376,syrup
2280,2377,gin
2281,2378,syrup
2282,2379,citrus
2283,2380,gin
2284,2381,wine
2285,2382,wine
2286,2383,citrus
2287,2384,gin
2288,2385,vodka
2289,2386,wine
2290,2387,liqueur
2291,2388,citrus
2292,2389,nut
2293,2390,bitters
2294,2391,rum
2295,2392,cognac
2296,2393,citrus
2297,2394,liqueur
2298,2395,syrup
2299,2396,bitters
2300,2398,citrus
2301,2399,brandy
2302,2400,liqueur
2303,2401,syrup
2304,2402,egg
2305,2403,rum
2306,2404,syrup
2307,2405,cream
2308,2407,egg
2309,2408,rum
2310,2409,whiskey
2311,2410,bitters
2312,2411,citrus
2313,2412,syrup
2314,2413,whiskey
2315,2415,liqueur
2316,2416,citrus
2317,2417,cognac
2318,2419,citrus
2319,2420,cream
2320,2421,syrup
2321,2422,vodka
2322,2423,liqueur
2323,2424,citrus
2324,2425,cold
2325,2426,cognac
2326,2427,citrus
2327,2428,liqueur
2328,2429,liqueur
2329,2430,syrup
2330,2431,liqueur
2331,2432,wine
2332,2433,wine
2333,2434,cognac
2334,2435,citrus
2335,2436,citrus
2336,2437,liqueur
2337,2439,liqueur
2338,2440,citrus
2339,2441,mixer
2340,2442,liqueur
2341,2443,citrus
2342,2444,liqueur
2343,2445,grain
2344,2446,cognac
2345,2447,liqueur
2346,2448,citrus
2347,2449,liqueur
2348,2450,bitters
2349,2451,tequila
2350,2452,citrus
2351,2453,cognac
2352,2454,liqueur
2353,2455,liqueur
2354,2456,bitters
2355,2457,brandy
2356,2458,syrup
2357,2459,citrus
2358,2461,gin
2359,2462,liqueur
2360,2463,rum
2361,2464,cold
2362,2465,citrus
2363,2466,bitters
2364,2467,gin
2365,2468,spice
2366,2469,citrus
2367,2470,syrup
2368,2471,mezcal
2369,2472,whiskey
2370,2473,citrus
2371,2476,liqueur
2372,2477,bitters
2373,2478,brandy
2374,2479,liqueur
2375,2480,liqueur
2376,2481,citrus
2377,2482,bitters
2378,2483,vodka
2379,2484,citrus
2380,2485,liqueur
2381,2486,liqueur
2382,2487,hoppy
2383,2488,cognac
2384,2489,nut
2385,2490,citrus
2386,2492,spice
2387,2493,spice
2388,2494,gin
2389,2495,citrus
2390,2496,cold
2391,2497,wine
2392,2498,spice
2393,2499,syrup
2394,2500,genever
2395,2501,liqueur
2396,2502,wine
2397,2503,citrus
2398,2504,syrup
2399,2505,vodka
2400,2506,gin
2401,2507,liqueur
2402,2508,liqueur
2403,2509,tequila
2404,2510,liqueur
2405,2511,bitters
2406,2512,citrus
2407,2513,cognac
2408,2514,liqueur
2409,2515,citrus
2410,2516,syrup
2411,2517,gin
2412,2518,syrup
2413,2519,citrus
2414,2520,citrus
2415,2521,syrup
2416,2522,citrus
2417,2523,spice
2418,2524,mezcal
2419,2525,citrus
2420,2527,syrup
2421,2528,vegetable
2422,2529,herbal
2423,2531,tequila
2424,2532,liqueur
2425,2533,citrus
2426,2534,syrup
2427,2535,vodka
2428,2536,liqueur
2429,2537,spice
2430,2538,citrus
2431,2539,wine
2432,2540,liqueur
2433,2541,mixer
2434,2542,citrus
2435,2543,mezcal
2436,2544,citrus
2437,2545,citrus
2438,2546,syrup
2439,2547,gin
2440,2548,citrus
2441,2549,syrup
2442,2550,absinthe
2443,2551,whiskey
2444,2552,liqueur
2445,2553,chocolate
2446,2554,gin
2447,2555,herbal
2448,2557,citrus
2449,2558,egg
2450,2559,liqueur
2451,2560,cold
2452,2561,cream
2453,2562,wine
2454,2563,liqueur
2455,2564,syrup
2456,2565,citrus
2457,2566,liqueur
2458,2567,grain
2459,2568,syrup
2460,2569,citrus
2461,2570,juice
2462,2571,rum
2463,2572,citrus
2464,2573,syrup
2465,2574,wine
2466,2575,liqueur
2467,2576,sugar
2468,2577,citrus
2469,2578,citrus
2470,2579,citrus
2471,2581,spice
2472,2582,nut
2473,2583,spice
2474,2585,liqueur
2475,2586,citrus
2476,2587,tea
2477,2588,rum
2478,2589,sugar
2479,2590,liqueur
2480,2591,gin
2481,2592,fruit
2482,2594,sugar
2483,2595,wine
2484,2596,rum
2485,2597,cold
2486,2598,spice
2487,2599,absinthe
2488,2600,citrus
2489,2601,gin
2490,2603,citrus
2491,2604,citrus
2492,2605,syrup
2493,2606,egg
2494,2607,syrup
2495,2608,citrus
2496,2609,liqueur
2497,2610,liqueur
2498,2612,liqueur
2499,2613,genever
2500,2614,citrus
2501,2615,absinthe
2502,2616,vodka
2503,2617,whiskey
2504,2618,liqueur
2505,2619,mixer
2506,2620,vodka
2507,2621,herbal
2508,2622,spice
2509,2623,citrus
2510,2624,spice
2511,2625,gin
2512,2626,liqueur
2513,2627,liqueur
2514,2628,mezcal
2515,2629,wine
2516,2630,liqueur
2517,2631,herbal
2518,2632,citrus
2519,2633,gin
2520,2634,brandy
2521,2635,bitters
2522,2636,syrup
2523,2637,absinthe
2524,2638,mixer
2525,2639,liqueur
2526,2641,liqueur
2527,2642,citrus
2528,2643,nut
2529,2644,gin
2530,2646,liqueur
2531,2647,citrus
2532,2648,cognac
2533,2649,whiskey
2534,2650,whiskey
2535,2651,syrup
2536,2652,bitters
2537,2653,whiskey
2538,2654,wine
2539,2655,liqueur
2540,2656,liqueur
2541,2657,bitters
2542,2658,whiskey
2543,2659,wine
2544,2660,liqueur
2545,2661,bitters
2546,2662,cognac
2547,2663,brandy
2548,2664,liqueur
2549,2665,liqueur
2550,2666,absinthe
2551,2667,bitters
2552,2668,cognac
2553,2669,wine
2554,2670,wine
2555,2671,hoppy
2556,2672,cognac
2557,2673,whiskey
2558,2674,whiskey
2559,2676,syrup
2560,2677,bitters
2561,2678,mixer
2562,2679,mezcal
2563,2680,bitters
2564,2681,liqueur
2565,2682,citrus
2566,2683,cognac
2567,2684,wine
2568,2685,bitters
2569,2686,spice
2570,2687,whiskey
2571,2688,liqueur
2572,2690,wine
2573,2691,wine
2574,2692,wine
2575,2693,spice
2576,2694,bitters
2577,2695,whiskey
2578,2696,cognac
2579,2697,grain
2580,2698,wine
2581,2700,cognac
2582,2701,liqueur
2583,2702,wine
2584,2703,gin
2585,2705,liqueur
2586,2706,bitters
2587,2707,fruit
2588,2708,whiskey
2589,2709,liqueur
2590,2710,syrup
2591,2712,gin
2592,2713,whiskey
2593,2714,liqueur
2594,2715,whiskey
2595,2716,tea
2596,2717,wine
2597,2718,citrus
2598,2719,whiskey
2599,2720,herbal
2600,2721,wine
2601,2722,brandy
2602,2723,tea
2603,2724,liqueur
2604,2725,bitters
2605,2726,wine
2606,2727,spirit
2607,2730,gin
2608,2731,wine
2609,2732,wine
2610,2733,citrus
2611,2734,wine
2612,2735,wine
2613,2737,bitters
2614,2738,gin
2615,2739,bitters
2616,2740,wine
2617,2741,fruit
2618,2742,gin
2619,2743,liqueur
2620,2744,citrus
2621,2745,whiskey
2622,2746,wine
2623,2747,bitters
2624,2748,tequila
2625,2749,liqueur
2626,2750,liqueur
2627,2751,brandy
2628,2752,liqueur
2629,2753,liqueur
2630,2754,whiskey
2631,2755,liqueur
2632,2756,wine
2633,2757,citrus
2634,2758,whiskey
2635,2759,liqueur
2636,2760,wine
2637,2761,bitters
2638,2762,citrus
2639,2763,rum
2640,2764,whiskey
2641,2765,bitters
2642,2766,liqueur
2643,2767,cognac
2644,2768,grain
2645,2769,wine
2646,2770,liqueur
2647,2771,bitters
2648,2772,liqueur
2649,2773,beer
2650,2774,mezcal
2651,2775,wine
2652,2776,wine
2653,2777,wine
2654,2778,mezcal
2655,2779,liqueur
2656,2780,liqueur
2657,2781,wine
2658,2782,rum
2659,2783,liqueur
2660,2784,wine
2661,2785,bitters
2662,2786,whiskey
2663,2787,syrup
2664,2788,syrup
2665,2789,herbal
2666,2790,gin
2667,2792,liqueur
2668,2793,gin
2669,2794,wine
2670,2795,citrus
2671,2796,champagne
2672,2797,cold
2673,2798,liqueur
2674,2799,bitters
2675,2800,liqueur
2676,2801,gin
2677,2802,wine
2678,2803,beer
2679,2804,cold
2680,2806,liqueur
2681,2807,tequila
2682,2809,rum
2683,2810,whiskey
2684,2811,liqueur
2685,2812,liqueur
2686,2813,bitters
2687,2814,liqueur
2688,2815,wine
2689,2816,gin
2690,2817,wine
2691,2818,liqueur
2692,2819,liqueur
2693,2820,syrup
2694,2821,bitters
2695,2822,wine
2696,2823,liqueur
2697,2824,liqueur
2698,2825,vodka
2699,2826,wine
2700,2827,liqueur
2701,2828,vegetable
2702,2829,vodka
2703,2830,wine
2704,2831,vodka
2705,2832,syrup
2706,2834,brandy
2707,2836,liqueur
2708,2837,gin
2709,2838,liqueur
2710,2839,bitters
2711,2841,cognac
2712,2844,bitters
2713,2845,rum
2714,2846,wine
2715,2847,spicy
2716,2848,fruit
2717,2849,cognac
2718,2850,wine
2719,2852,fruit
2720,2853,gin
2721,2854,wine
2722,2855,liqueur
2723,2856,citrus
2724,2857,absinthe
2725,2858,gin
2726,2859,wine
2727,2860,whiskey
2728,2861,syrup
2729,2862,citrus
2730,2863,liqueur
2731,2864,liqueur
2732,2865,bitters
2733,2866,bitters
2734,2867,citrus
2735,2868,mezcal
2736,2869,liqueur
2737,2870,mixer
2738,2871,mezcal
2739,2872,syrup
2740,2875,liqueur
2741,2876,liqueur
2742,2877,citrus
2743,2878,mezcal
2744,2879,wine
2745,2880,gin
2746,2881,wine
2747,2882,absinthe
2748,2883,grain
2749,2884,wine
2750,2885,liqueur
2751,2886,absinthe
2752,2887,gin
2753,2888,wine
2754,2889,liqueur
2755,2890,liqueur
2756,2891,liqueur
2757,2892,liqueur
2758,2893,wine
2759,2894,whiskey
2760,2896,wine
2761,2897,liqueur
2762,2898,bitters
2763,2899,whiskey
2764,2900,wine
2765,2901,liqueur
2766,2903,syrup
2767,2904,gin
2768,2905,wine
2769,2906,liqueur
2770,2907,wine
2771,2908,cognac
2772,2910,wine
2773,2911,citrus
2774,2912,whiskey
2775,2913,wine
2776,2914,liqueur
2777,2915,spice
2778,2916,gin
2779,2917,liqueur
2780,2918,syrup
2781,2919,nut
2782,2920,bitters
2783,2921,whiskey
2784,2922,liqueur
2785,2923,liqueur
2786,2924,wine
2787,2925,gin
2788,2926,wine
2789,2927,rum
2790,2928,syrup
2791,2929,cold
2792,2930,mixer
2793,2931,herbal
2794,2932,citrus
2795,2933,cold
2796,2934,vodka
2797,2935,cold
2798,2936,cold
2799,2937,bitters
2800,2938,mixer
2801,2939,spice
2802,2940,spice
2803,2941,spice
2804,2942,spice
2805,2943,citrus
2806,2944,gin
2807,2945,wine
2808,2946,liqueur
2809,2947,liqueur
2810,2948,liqueur
2811,2949,citrus
2812,2950,citrus
2813,2951,brandy
2814,2952,fruit
2815,2953,citrus
2816,2954,syrup
2817,2955,liqueur
2818,2956,wine
2819,2957,gin
2820,2958,liqueur
2821,2959,liqueur
2822,2960,tequila
2823,2961,spice
2824,2962,spicy
2825,2963,fruit
2826,2964,cognac
2827,2965,wine
2828,2966,tea
2829,2967,vodka
2830,2968,cognac
2831,2969,liqueur
2832,2970,bitters
2833,2971,bitters
2834,2972,citrus
2835,2973,citrus
2836,2974,nut
2837,2975,rum
2838,2976,liqueur
2839,2977,spice
2840,2978,citrus
2841,2979,mixer
2842,2980,liqueur
2843,2981,whiskey
2844,2982,citrus
2845,2983,citrus
2846,2984,bitters
2847,2985,gin
2848,2986,liqueur
2849,2987,wine
2850,2988,wine
2851,2989,citrus
2852,2990,bitters
2853,2991,mixer
2854,2992,fruit
2855,2993,liqueur
2856,2994,citrus
2857,2995,mixer
2858,2996,cognac
2859,2997,liqueur
2860,2998,liqueur
2861,2999,liqueur
2862,3000,citrus
2863,3001,whiskey
2864,3002,sugar
2865,3003,mixer
2866,3004,citrus
2867,3005,bitters
2868,3006,vodka
2869,3008,fruit
2870,3009,vegetable
2871,3010,fruit
2872,3011,spice
2873,3013,vegetable
2874,3014,spice
2875,3015,citrus
2876,3016,spicy
2877,3017,liqueur
2878,3018,cream
2879,3019,rum
2880,3020,gin
2881,3021,rum
2882,3022,cold
2883,3023,citrus
2884,3024,rum
2885,3025,citrus
2886,3026,beer
2887,3027,rum
2888,3028,liqueur
2889,3029,liqueur
2890,3030,citrus
2891,3031,liqueur
2892,3032,egg
2893,3033,bitters
2894,3034,gin
2895,3035,liqueur
2896,3036,liqueur
2897,3037,spice
2898,3038,liqueur
2899,3039,mixer
2900,3040,egg
2901,3041,whiskey
2902,3042,liqueur
2903,3043,liqueur
2904,3044,liqueur
2905,3045,liqueur
2906,3046,cold
2907,3047,liqueur
2908,3048,liqueur
2909,3049,syrup
2910,3050,citrus
2911,3052,grain
2912,3053,herbal
2913,3054,liqueur
2914,3055,gin
2915,3056,cold
2916,3057,chocolate
2917,3058,liqueur
2918,3059,bitters
2919,3060,liqueur
2920,3061,liqueur
2921,3062,wine
2922,3063,wine
2923,3064,citrus
2924,3065,gin
2925,3066,liqueur
2926,3067,spice
2927,3068,wine
2928,3069,liqueur
2929,3070,whiskey
2930,3071,coffee
2931,3072,spice
2932,3073,cream
2933,3074,whiskey
2934,3076,citrus
2935,3077,citrus
2936,3078,mixer
2937,3079,liqueur
2938,3080,gin
2939,3081,citrus
2940,3082,mixer
2941,3083,beer
2942,3084,whiskey
2943,3085,syrup
2944,3086,bitters
2945,3087,gin
2946,3088,wine
2947,3089,liqueur
2948,3092,syrup
2949,3093,herbal
2950,3094,rum
2951,3095,citrus
2952,3096,liqueur
2953,3097,vodka
2954,3098,cream
2955,3099,liqueur
2956,3100,cream
2957,3101,mixer
2958,3102,liqueur
2959,3103,spice
2960,3104,cold
2961,3105,citrus
2962,3106,liqueur
2963,3107,spice
2964,3108,whiskey
2965,3109,syrup
2966,3110,bitters
2967,3111,gin
2968,3112,liqueur
2969,3113,wine
2970,3114,fruit
2971,3116,wine
2972,3117,liqueur
2973,3118,citrus
2974,3119,citrus
2975,3120,syrup
2976,3121,mixer
2977,3122,gin
2978,3123,syrup
2979,3124,citrus
2980,3125,herbal
2981,3126,mixer
2982,3127,cognac
2983,3128,liqueur
2984,3129,citrus
2985,3130,syrup
2986,3131,champagne
2987,3132,brandy
2988,3133,liqueur
2989,3134,liqueur
2990,3135,liqueur
2991,3136,citrus
2992,3137,citrus
2993,3138,syrup
2994,3139,tequila
2995,3140,liqueur
2996,3141,mixer
2997,3142,whiskey
2998,3143,liqueur
2999,3144,wine
3000,3145,citrus
3001,3146,brandy
3002,3147,liqueur
3003,3148,juice
3004,3149,liqueur
3005,3150,wine
3006,3151,citrus
3007,3152,bitters
3008,3153,gin
3009,3154,mixer
3010,3155,mixer
3011,3156,cream
3012,3157,spice
3013,3158,syrup
3014,3159,tequila
3015,3161,liqueur
3016,3162,citrus
3017,3163,fruit
3018,3164,mixer
3019,3165,whiskey
3020,3167,wine
3021,3168,citrus
3022,3169,mezcal
3023,3170,liqueur
3024,3171,citrus
3025,3172,wine
3026,3173,mixer
3027,3174,citrus
3028,3175,mezcal
3029,3176,citrus
3030,3177,syrup
3031,3178,liqueur
3032,3179,spicy
3033,3180,whiskey
3034,3181,syrup
3035,3182,absinthe
3036,3183,mezcal
3037,3184,liqueur
3038,3185,liqueur
3039,3186,citrus
3040,3187,brandy
3041,3188,brandy
3042,3189,syrup
3043,3190,citrus
3044,3191,gin
3045,3192,liqueur
3046,3193,cold
3047,3194,syrup
3048,3195,citrus
3049,3196,mixer
3050,3197,gin
3051,3198,citrus
3052,3199,spice
3053,3200,syrup
3054,3201,cold
3055,3202,citrus
3056,3203,spice
3057,3204,vodka
3058,3205,citrus
3059,3206,spice
3060,3207,liqueur
3061,3208,liqueur
3062,3209,whiskey
3063,3210,liqueur
3064,3211,liqueur
3065,3212,liqueur
3066,3213,liqueur
3067,3214,wine
3068,3215,gin
3069,3216,cognac
3070,3217,rum
3071,3220,sugar
3072,3222,liqueur
3073,3223,liqueur
3074,3225,citrus
3075,3226,syrup
3076,3227,wine
3077,3228,whiskey
3078,3230,liqueur
3079,3231,liqueur
3080,3232,liqueur
3081,3233,syrup
3082,1,herbal
3083,2,cold
3084,5,fruit
3085,6,cold
3086,7,juice
3087,12,cold
3088,13,citrus
3089,14,bitters
3090,19,citrus
3091,24,bitters
3092,25,bitters
3093,26,bitters
3094,29,herbal
3095,30,cold
3096,32,vegetable
3097,35,cold
3098,36,fruit
3099,37,citrus
3100,39,hoppy
3101,40,herbal
3102,41,cold
3103,47,cold
3104,49,herbal
3105,50,chocolate
3106,51,syrup
3107,53,herbal
3108,54,herbal
3109,55,fruit
3110,60,coffee
3111,61,bitters
3112,62,chocolate
3113,64,tropical
3114,67,sour
3115,68,citrus
3116,70,fruit
3117,72,cold
3118,75,sour
3119,76,cold
3120,81,cold
3121,82,herbal
3122,86,bitters
3123,87,herbal
3124,89,cold
3125,91,bitters
3126,92,herbal
3127,93,juice
3128,97,cold
3129,98,syrup
3130,101,herbal
3131,102,bitters
3132,104,cold
3133,107,tropical
3134,108,cold
3135,109,tropical
3136,110,fruit
3137,115,juice
3138,118,cold
3139,120,juice
3140,121,herbal
3141,122,cream
3142,123,fruit
3143,125,herbal
3144,128,grain
3145,133,cold
3146,134,cold
3147,137,bitters
3148,139,chocolate
3149,140,fruit
3150,141,chocolate
3151,145,cold
3152,146,cold
3153,148,herbal
3154,150,herbal
3155,153,cold
3156,154,tropical
3157,160,cold
3158,162,bitters
3159,164,herbal
3160,165,cold
3161,170,sugar
3162,172,herbal
3163,173,bitters
3164,174,cold
3165,177,grain
3166,178,herbal
3167,182,bitters
3168,184,tropical
3169,185,cold
3170,193,herbal
3171,195,herbal
3172,199,fruit
3173,213,cold
3174,214,juice
3175,217,citrus
3176,220,cold
3177,222,bitters
3178,223,cold
3179,224,fruit
3180,227,grain
3181,229,bitters
3182,233,herbal
3183,235,cold
3184,238,grain
3185,240,cold
3186,246,grain
3187,247,cold
3188,249,herbal
3189,250,cold
3190,253,grain
3191,254,cold
3192,255,juice
3193,256,hot
3194,257,syrup
3195,258,spicy
3196,261,beer
3197,263,wine
3198,264,cold
3199,266,herbal
3200,272,fruit
3201,274,cognac
3202,277,fruit
3203,279,fruit
3204,282,herbal
3205,283,cold
3206,285,tropical
3207,290,cold
3208,291,herbal
3209,292,fruit
3210,294,wine
3211,299,tropical
3212,301,tequila
3213,307,cold
3214,308,hot
3215,310,herbal
3216,319,cold
3217,322,bitters
3218,324,herbal
3219,325,sour
3220,326,citrus
3221,333,bitters
3222,337,bitters
3223,339,wine
3224,340,cold
3225,341,tropical
3226,343,herbal
3227,344,tropical
3228,346,chocolate
3229,349,juice
3230,350,bitters
3231,351,cold
3232,354,herbal
3233,356,syrup
3234,358,bitters
3235,362,herbal
3236,363,juice
3237,366,fruit
3238,367,fruit
3239,368,cold
3240,369,herbal
3241,373,fruit
3242,375,bitters
3243,378,fruit
3244,381,herbal
3245,382,cold
3246,383,fruit
3247,384,bitters
3248,385,herbal
3249,387,citrus
3250,391,bitters
3251,392,coffee
3252,393,spice
3253,395,herbal
3254,396,fruit
3255,399,herbal
3256,400,bitters
3257,402,tropical
3258,403,chocolate
3259,404,grain
3260,408,grain
3261,410,chocolate
3262,411,bitters
3263,414,syrup
3264,421,bitters
3265,425,syrup
3266,426,cold
3267,432,herbal
3268,433,citrus
3269,434,cold
3270,435,hot
3271,439,cold
3272,440,nut
3273,443,herbal
3274,444,cold
3275,445,fruit
3276,446,fruit
3277,448,bitters
3278,449,herbal
3279,450,chocolate
3280,454,cold
3281,455,tropical
3282,457,herbal
3283,458,nut
3284,466,herbal
3285,469,herbal
3286,470,tropical
3287,473,herbal
3288,474,cold
3289,478,beer
3290,481,bitters
3291,482,herbal
3292,485,herbal
3293,487,bitters
3294,490,cold
3295,495,bitters
3296,498,citrus
3297,499,cold
3298,502,herbal
3299,503,citrus
3300,504,cold
3301,506,gin
3302,507,herbal
3303,513,herbal
3304,517,herbal
3305,519,syrup
3306,520,cold
3307,523,hoppy
3308,524,juice
3309,526,cold
3310,527,herbal
3311,529,cold
3312,530,syrup
3313,532,bitters
3314,534,fruit
3315,537,herbal
3316,541,cold
3317,542,bitters
3318,544,hoppy
3319,545,herbal
3320,553,bitters
3321,554,grain
3322,556,bitters
3323,559,fruit
3324,561,bitters
3325,565,bitters
3326,569,bitters
3327,573,tea
3328,574,cold
3329,576,fruit
3330,579,juice
3331,580,cold
3332,582,herbal
3333,583,hoppy
3334,584,cold
3335,585,juice
3336,587,gin
3337,590,citrus
3338,591,chocolate
3339,592,citrus
3340,600,nut
3341,601,cold
3342,602,herbal
3343,608,fruit
3344,609,cold
3345,610,cold
3346,611,syrup
3347,613,fruit
3348,614,hoppy
3349,616,juice
3350,617,cold
3351,619,tequila
3352,620,cold
3353,621,citrus
3354,622,syrup
3355,623,chocolate
3356,626,syrup
3357,628,bitters
3358,629,fruit
3359,633,cold
3360,635,cold
3361,636,syrup
3362,637,juice
3363,641,spice
3364,645,fruit
3365,647,bitters
3366,649,fruit
3367,651,bitters
3368,655,gin
3369,656,cold
3370,657,herbal
3371,658,juice
3372,659,juice
3373,660,herbal
3374,661,bitters
3375,662,bitters
3376,663,cold
3377,666,bitters
3378,673,herbal
3379,675,cold
3380,676,cold
3381,678,hoppy
3382,679,juice
3383,681,grain
3384,684,bitters
3385,685,hoppy
3386,688,hoppy
3387,691,bitters
3388,692,bitters
3389,697,tropical
3390,698,cold
3391,699,fruit
3392,700,champagne
3393,702,fruit
3394,703,cold
3395,704,sugar
3396,705,fruit
3397,708,tropical
3398,709,cold
3399,711,grain
3400,720,tropical
3401,730,cold
3402,732,bitters
3403,734,fruit
3404,735,fruit
3405,739,herbal
3406,741,herbal
3407,742,cold
3408,743,tropical
3409,744,beer
3410,746,herbal
3411,747,herbal
3412,748,cold
3413,751,bitters
3414,752,chocolate
3415,756,cold
3416,757,citrus
3417,758,herbal
3418,761,juice
3419,762,cold
3420,763,herbal
3421,766,herbal
3422,767,bitters
3423,768,hoppy
3424,769,herbal
3425,770,cold
3426,771,herbal
3427,772,hoppy
3428,774,cold
3429,775,fruit
3430,777,hoppy
3431,778,herbal
3432,780,cold
3433,786,cold
3434,787,coffee
3435,789,herbal
3436,790,fruit
3437,791,fruit
3438,793,herbal
3439,794,herbal
3440,795,bitters
3441,797,tropical
3442,799,bitters
3443,801,wine
3444,802,cold
3445,803,syrup
3446,804,tropical
3447,806,herbal
3448,808,fruit
3449,811,herbal
3450,812,bitters
3451,813,vegetable
3452,817,beer
3453,818,syrup
3454,821,grain
3455,823,cold
3456,824,nut
3457,826,cold
3458,827,herbal
3459,828,syrup
3460,832,cold
3461,840,bitters
3462,845,bitters
3463,846,bitters
3464,849,bitters
3465,853,bitters
3466,856,chocolate
3467,857,chocolate
3468,858,extract
3469,860,bitters
3470,862,fruit
3471,863,sour
3472,864,rum
3473,866,wine
3474,867,cold
3475,868,syrup
3476,869,herbal
3477,873,coffee
3478,877,cold
3479,881,herbal
3480,882,fruit
3481,883,cold
3482,885,juice
3483,887,bitters
3484,889,herbal
3485,890,cold
3486,892,fruit
3487,895,cold
3488,897,herbal
3489,898,cold
3490,899,herbal
3491,900,herbal
3492,902,cold
3493,904,herbal
3494,905,cold
3495,906,syrup
3496,907,bitters
3497,915,bitters
3498,916,bitters
3499,918,fruit
3500,919,cold
3501,922,nut
3502,923,cold
3503,924,vegetable
3504,927,grain
3505,928,cold
3506,933,sugar
3507,934,cold
3508,937,herbal
3509,944,herbal
3510,946,fruit
3511,947,bitters
3512,950,cold
3513,951,herbal
3514,954,gin
3515,955,citrus
3516,957,cold
3517,958,juice
3518,961,wine
3519,967,herbal
3520,968,cold
3521,969,cold
3522,974,syrup
3523,976,cold
3524,978,beer
3525,980,cold
3526,981,bitters
3527,984,herbal
3528,985,fruit
3529,986,cold
3530,988,herbal
3531,990,cold
3532,994,cold
3533,997,tequila
3534,999,cold
3535,1000,tropical
3536,1004,fruit
3537,1008,herbal
3538,1011,juice
3539,1017,cold
3540,1020,cold
3541,1021,fruit
3542,1022,sugar
3543,1023,juice
3544,1025,syrup
3545,1026,cold
3546,1029,syrup
3547,1034,cold
3548,1037,herbal
3549,1038,syrup
3550,1041,tequila
3551,1042,syrup
3552,1045,syrup
3553,1046,cold
3554,1048,citrus
3555,1051,tequila
3556,1052,fruit
3557,1053,cold
3558,1054,citrus
3559,1055,fruit
3560,1057,herbal
3561,1061,cold
3562,1066,herbal
3563,1067,juice
3564,1068,cold
3565,1070,cold
3566,1072,spicy
3567,1075,fruit
3568,1076,cold
3569,1078,beer
3570,1080,juice
3571,1081,cold
3572,1082,sugar
3573,1086,cold
3574,1088,syrup
3575,1089,cold
3576,1093,bitters
3577,1095,cold
3578,1096,fruit
3579,1099,fruit
3580,1100,cold
3581,1105,cold
3582,1106,herbal
3583,1108,cold
3584,1113,syrup
3585,1116,fruit
3586,1117,chocolate
3587,1118,cold
3588,1124,coffee
3589,1126,herbal
3590,1127,cream
3591,1131,cold
3592,1133,herbal
3593,1137,cold
3594,1138,sugar
3595,1139,bitters
3596,1143,cold
3597,1144,fruit
3598,1145,juice
3599,1146,bitters
3600,1149,juice
3601,1150,herbal
3602,1151,herbal
3603,1152,herbal
3604,1153,grain
3605,1154,herbal
3606,1155,wine
3607,1156,cold
3608,1159,bitters
3609,1161,tropical
3610,1162,cold
3611,1163,citrus
3612,1164,vodka
3613,1165,tropical
3614,1166,cold
3615,1167,beer
3616,1168,bitters
3617,1172,hoppy
3618,1173,coffee
3619,1177,cold
3620,1179,grain
3621,1180,fruit
3622,1181,bitters
3623,1182,cold
3624,1183,nut
3625,1185,fruit
3626,1187,herbal
3627,1192,syrup
3628,1193,cold
3629,1194,juice
3630,1196,bitters
3631,1197,grain
3632,1199,herbal
3633,1204,cold
3634,1205,fruit
3635,1206,syrup
3636,1207,bitters
3637,1209,bitters
3638,1210,fruit
3639,1211,bitters
3640,1213,juice
3641,1215,juice
3642,1217,herbal
3643,1219,syrup
3644,1221,chocolate
3645,1222,chocolate
3646,1224,herbal
3647,1228,syrup
3648,1229,nut
3649,1230,cold
3650,1232,spicy
3651,1236,cold
3652,1239,cold
3653,1242,vodka
3654,1243,fruit
3655,1246,fruit
3656,1248,grain
3657,1249,sugar
3658,1250,herbal
3659,1255,herbal
3660,1257,herbal
3661,1259,herbal
3662,1262,cold
3663,1263,fruit
3664,1267,citrus
3665,1270,coffee
3666,1276,fruit
3667,1277,chocolate
3668,1281,syrup
3669,1282,cold
3670,1286,juice
3671,1287,syrup
3672,1291,juice
3673,1293,cold
3674,1294,syrup
3675,1301,vegetable
3676,1303,herbal
3677,1305,herbal
3678,1306,fruit
3679,1307,fruit
3680,1309,tequila
3681,1310,cold
3682,1314,bitters
3683,1315,chocolate
3684,1316,tropical
3685,1317,cold
3686,1320,cold
3687,1321,tropical
3688,1322,herbal
3689,1324,cold
3690,1328,spicy
3691,1330,fruit
3692,1333,wine
3693,1335,chocolate
3694,1336,fruit
3695,1339,fruit
3696,1340,cold
3697,1345,cold
3698,1346,cold
3699,1351,herbal
3700,1352,bitters
3701,1353,hoppy
3702,1354,cold
3703,1356,herbal
3704,1359,herbal
3705,1364,cold
3706,1365,juice
3707,1369,wine
3708,1370,nut
3709,1371,fruit
3710,1372,bitters
3711,1373,gin
3712,1374,cold
3713,1376,grain
3714,1378,fruit
3715,1379,herbal
3716,1380,cold
3717,1381,tropical
3718,1382,tequila
3719,1383,bitters
3720,1384,fruit
3721,1385,cold
3722,1388,herbal
3723,1392,cold
3724,1396,vegetable
3725,1399,cold
3726,1401,fruit
3727,1405,cold
3728,1406,herbal
3729,1407,cold
3730,1408,sugar
3731,1411,fruit
3732,1412,fruit
3733,1413,fruit
3734,1414,bitters
3735,1415,bitters
3736,1416,hoppy
3737,1419,cold
3738,1420,syrup
3739,1422,spicy
3740,1424,herbal
3741,1425,fruit
3742,1427,fruit
3743,1432,cold
3744,1434,syrup
3745,1435,bitters
3746,1436,vegetable
3747,1438,grain
3748,1439,syrup
3749,1440,cold
3750,1441,cold
3751,1442,grain
3752,1443,bitters
3753,1448,cold
3754,1449,herbal
3755,1450,tropical
3756,1451,herbal
3757,1454,cold
3758,1455,bitters
3759,1456,herbal
3760,1457,tropical
3761,1458,herbal
3762,1461,cold
3763,1466,cold
3764,1469,fruit
3765,1470,juice
3766,1471,cold
3767,1476,whiskey
3768,1478,herbal
3769,1479,tequila
3770,1480,herbal
3771,1481,cold
3772,1482,fruit
3773,1487,fruit
3774,1491,cold
3775,1495,fruit
3776,1497,syrup
3777,1499,grain
3778,1501,fruit
3779,1502,herbal
3780,1503,cold
3781,1508,herbal
3782,1509,cold
3783,1512,herbal
3784,1514,herbal
3785,1519,tropical
3786,1520,cold
3787,1522,tropical
3788,1525,cold
3789,1526,syrup
3790,1530,herbal
3791,1531,cold
3792,1533,vegetable
3793,1537,fruit
3794,1538,herbal
3795,1540,syrup
3796,1542,herbal
3797,1544,fruit
3798,1549,bitters
3799,1551,chocolate
3800,1552,cream
3801,1553,fruit
3802,1554,herbal
3803,1556,bitters
3804,1557,grain
3805,1558,herbal
3806,1559,bitters
3807,1560,chocolate
3808,1563,cold
3809,1566,wine
3810,1567,cold
3811,1568,herbal
3812,1569,fruit
3813,1575,cold
3814,1578,fruit
3815,1579,bitters
3816,1585,grain
3817,1586,tequila
3818,1588,sour
3819,1593,cold
3820,1598,fruit
3821,1600,grain
3822,1601,citrus
3823,1602,bitters
3824,1603,herbal
3825,1607,cold
3826,1608,fruit
3827,1610,fruit
3828,1612,herbal
3829,1614,herbal
3830,1619,grain
3831,1621,fruit
3832,1622,fruit
3833,1625,fruit
3834,1626,mixer
3835,1627,juice
3836,1628,sour
3837,1630,bitters
3838,1634,herbal
3839,1635,bitters
3840,1637,herbal
3841,1638,fruit
3842,1639,cold
3843,1640,bitters
3844,1641,tequila
3845,1643,chocolate
3846,1645,cold
3847,1653,cold
3848,1654,juice
3849,1655,cold
3850,1658,fruit
3851,1659,cold
3852,1664,herbal
3853,1665,herbal
3854,1666,bitters
3855,1667,bitters
3856,1668,herbal
3857,1670,cold
3858,1672,fruit
3859,1674,herbal
3860,1676,herbal
3861,1677,herbal
3862,1686,cold
3863,1688,tropical
3864,1689,tropical
3865,1691,hoppy
3866,1692,cold
3867,1694,beer
3868,1696,cognac
3869,1697,cold
3870,1698,syrup
3871,1701,cognac
3872,1704,sugar
3873,1705,cold
3874,1712,fruit
3875,1713,cold
3876,1714,grain
3877,1716,bitters
3878,1718,fruit
3879,1720,bitters
3880,1721,fruit
3881,1723,beer
3882,1725,cold
3883,1726,sugar
3884,1730,tropical
3885,1731,chocolate
3886,1733,fruit
3887,1734,chocolate
3888,1735,cream
3889,1736,sugar
3890,1738,cold
3891,1739,cognac
3892,1740,cold
3893,1742,tequila
3894,1743,citrus
3895,1745,fruit
3896,1747,syrup
3897,1750,fruit
3898,1753,fruit
3899,1755,chocolate
3900,1757,cold
3901,1758,spicy
3902,1759,herbal
3903,1761,chocolate
3904,1765,cold
3905,1771,juice
3906,1780,tropical
3907,1783,cold
3908,1794,cold
3909,1803,herbal
3910,1805,cold
3911,1809,herbal
3912,1813,syrup
3913,1814,cold
3914,1816,bitters
3915,1820,citrus
3916,1821,bitters
3917,1822,fruit
3918,1827,juice
3919,1828,syrup
3920,1829,cold
3921,1830,grain
3922,1831,herbal
3923,1832,fruit
3924,1833,juice
3925,1835,cold
3926,1836,syrup
3927,1837,juice
3928,1840,cold
3929,1842,herbal
3930,1844,herbal
3931,1846,grain
3932,1850,herbal
3933,1853,bitters
3934,1855,cold
3935,1857,fruit
3936,1858,herbal
3937,1860,herbal
3938,1864,herbal
3939,1865,juice
3940,1867,cold
3941,1868,bitters
3942,1871,cold
3943,1875,chocolate
3944,1876,tequila
3945,1877,cold
3946,1878,fruit
3947,1879,citrus
3948,1880,citrus
3949,1881,cold
3950,1884,bitters
3951,1886,cold
3952,1887,bitters
3953,1892,grain
3954,1895,cold
3955,1896,tropical
3956,1898,chocolate
3957,1904,wine
3958,1906,cold
3959,1907,herbal
3960,1910,cold
3961,1911,fruit
3962,1913,herbal
3963,1915,sugar
3964,1916,herbal
3965,1919,herbal
3966,1920,citrus
3967,1921,cold
3968,1925,herbal
3969,1926,cold
3970,1927,herbal
3971,1930,cold
3972,1932,herbal
3973,1936,herbal
3974,1937,herbal
3975,1940,cold
3976,1941,fruit
3977,1944,juice
3978,1945,herbal
3979,1949,cold
3980,1950,cold
3981,1951,tequila
3982,1953,bitters
3983,1954,juice
3984,1955,syrup
3985,1959,chocolate
3986,1961,fruit
3987,1962,cold
3988,1965,cold
3989,1966,cream
3990,1967,herbal
3991,1970,cold
3992,1971,syrup
3993,1972,citrus
3994,1975,cold
3995,1976,citrus
3996,1977,tropical
3997,1979,fruit
3998,1980,herbal
3999,1981,cold
4000,1982,juice
4001,1985,fruit
4002,1986,herbal
4003,1987,cold
4004,1989,fruit
4005,1991,cold
4006,1994,fruit
4007,1995,herbal
4008,1996,cold
4009,2001,cold
4010,2003,fruit
4011,2004,cold
4012,2006,citrus
4013,2007,citrus
4014,2013,herbal
4015,2014,cold
4016,2018,fruit
4017,2019,cold
4018,2020,bitters
4019,2024,cold
4020,2025,fruit
4021,2026,vodka
4022,2027,citrus
4023,2033,cold
4024,2035,herbal
4025,2039,cold
4026,2041,herbal
4027,2042,spicy
4028,2045,juice
4029,2046,cold
4030,2048,herbal
4031,2050,herbal
4032,2052,fruit
4033,2053,cold
4034,2058,herbal
4035,2063,cold
4036,2067,cold
4037,2068,cold
4038,2069,syrup
4039,2072,cold
4040,2073,fruit
4041,2077,herbal
4042,2078,tequila
4043,2079,bitters
4044,2080,fruit
4045,2081,cold
4046,2085,cold
4047,2086,syrup
4048,2091,cold
4049,2092,herbal
4050,2094,cold
4051,2095,cold
4052,2098,juice
4053,2101,chocolate
4054,2102,fruit
4055,2103,fruit
4056,2107,citrus
4057,2109,bitters
4058,2111,cold
4059,2116,tropical
4060,2117,chocolate
4061,2120,fruit
4062,2123,cold
4063,2127,juice
4064,2129,juice
4065,2130,syrup
4066,2131,cold
4067,2136,syrup
4068,2142,cold
4069,2145,herbal
4070,2150,herbal
4071,2151,gin
4072,2152,cold
4073,2155,cold
4074,2161,cold
4075,2163,bitters
4076,2170,bitters
4077,2173,fruit
4078,2180,syrup
4079,2182,bitters
4080,2183,bitters
4081,2184,tropical
4082,2186,fruit
4083,2189,herbal
4084,2190,cold
4085,2191,champagne
4086,2192,bitters
4087,2195,cold
4088,2198,cold
4089,2199,wine
4090,2205,cold
4091,2206,sugar
4092,2207,bitters
4093,2209,herbal
4094,2210,bitters
4095,2211,bitters
4096,2214,syrup
4097,2215,bitters
4098,2217,sour
4099,2218,juice
4100,2219,bitters
4101,2220,cold
4102,2221,fruit
4103,2222,bitters
4104,2225,fruit
4105,2226,fruit
4106,2227,bitters
4107,2228,tropical
4108,2229,cold
4109,2233,herbal
4110,2234,cold
4111,2236,herbal
4112,2238,fruit
4113,2239,herbal
4114,2240,cold
4115,2242,fruit
4116,2245,brandy
4117,2246,cold
4118,2247,juice
4119,2250,grain
4120,2252,herbal
4121,2258,sour
4122,2260,chocolate
4123,2261,fruit
4124,2262,citrus
4125,2265,citrus
4126,2266,bitters
4127,2268,cold
4128,2271,cold
4129,2277,fruit
4130,2279,cold
4131,2282,herbal
4132,2283,syrup
4133,2284,cold
4134,2285,grain
4135,2288,cold
4136,2292,cold
4137,2296,cold
4138,2298,herbal
4139,2300,fruit
4140,2302,juice
4141,2305,fruit
4142,2306,cold
4143,2309,cold
4144,2310,herbal
4145,2311,wine
4146,2314,cold
4147,2315,herbal
4148,2316,fruit
4149,2320,fruit
4150,2324,juice
4151,2325,cold
4152,2326,herbal
4153,2328,rum
4154,2329,herbal
4155,2330,cold
4156,2335,fruit
4157,2338,chocolate
4158,2340,fruit
4159,2341,herbal
4160,2342,cold
4161,2346,juice
4162,2347,tea
4163,2348,cold
4164,2349,fruit
4165,2351,herbal
4166,2352,chocolate
4167,2353,cold
4168,2355,cold
4169,2356,juice
4170,2359,cold
4171,2364,cold
4172,2370,cold
4173,2373,fruit
4174,2374,cold
4175,2375,syrup
4176,2379,cold
4177,2381,herbal
4178,2382,herbal
4179,2383,cold
4180,2385,hoppy
4181,2386,herbal
4182,2387,citrus
4183,2388,cold
4184,2389,chocolate
4185,2391,grain
4186,2393,cold
4187,2398,cold
4188,2399,juice
4189,2400,herbal
4190,2411,cold
4191,2413,grain
4192,2415,fruit
4193,2416,cold
4194,2419,cold
4195,2421,citrus
4196,2422,hoppy
4197,2423,herbal
4198,2424,cold
4199,2425,juice
4200,2427,cold
4201,2428,citrus
4202,2431,bitters
4203,2432,herbal
4204,2433,herbal
4205,2435,cold
4206,2436,cold
4207,2439,bitters
4208,2440,cold
4209,2441,grain
4210,2442,herbal
4211,2443,cold
4212,2444,bitters
4213,2447,nut
4214,2448,cold
4215,2449,fruit
4216,2452,cold
4217,2454,nut
4218,2455,tropical
4219,2458,citrus
4220,2459,cold
4221,2462,tropical
4222,2464,juice
4223,2465,cold
4224,2468,cold
4225,2476,nut
4226,2479,nut
4227,2480,fruit
4228,2481,cold
4229,2483,hoppy
4230,2484,cold
4231,2485,herbal
4232,2487,bitters
4233,2489,syrup
4234,2490,cold
4235,2492,cold
4236,2495,cold
4237,2496,juice
4238,2497,herbal
4239,2498,syrup
4240,2503,cold
4241,2504,citrus
4242,2512,cold
4243,2514,citrus
4244,2515,cold
4245,2516,sugar
4246,2518,citrus
4247,2519,cold
4248,2520,cold
4249,2522,fruit
4250,2533,cold
4251,2537,citrus
4252,2538,cold
4253,2540,bitters
4254,2541,fruit
4255,2542,cold
4256,2544,cold
4257,2545,cold
4258,2546,fruit
4259,2548,cold
4260,2550,wine
4261,2551,chocolate
4262,2552,herbal
4263,2553,tropical
4264,2555,fruit
4265,2557,cold
4266,2560,juice
4267,2562,tequila
4268,2563,fruit
4269,2564,herbal
4270,2565,cold
4271,2566,bitters
4272,2568,sugar
4273,2569,cold
4274,2570,fruit
4275,2572,cold
4276,2575,herbal
4277,2579,fruit
4278,2582,spice
4279,2585,herbal
4280,2586,cold
4281,2590,bitters
4282,2595,herbal
4283,2597,juice
4284,2598,herbal
4285,2603,cold
4286,2604,bitters
4287,2607,gin
4288,2608,cold
4289,2609,nut
4290,2612,bitters
4291,2614,chocolate
4292,2616,fruit
4293,2617,fruit
4294,2618,herbal
4295,2619,hot
4296,2622,herbal
4297,2627,bitters
4298,2629,herbal
4299,2631,bitters
4300,2632,fruit
4301,2638,citrus
4302,2639,bitters
4303,2641,fruit
4304,2642,fruit
4305,2643,mixer
4306,2646,herbal
4307,2647,vegetable
4308,2649,grain
4309,2650,grain
4310,2651,sugar
4311,2655,bitters
4312,2658,grain
4313,2663,fruit
4314,2669,herbal
4315,2671,fruit
4316,2673,grain
4317,2676,sugar
4318,2678,chocolate
4319,2682,fruit
4320,2684,herbal
4321,2686,fruit
4322,2687,grain
4323,2698,herbal
4324,2701,bitters
4325,2707,bitters
4326,2708,grain
4327,2713,fruit
4328,2714,fruit
4329,2717,herbal
4330,2718,bitters
4331,2719,grain
4332,2720,wine
4333,2721,herbal
4334,2722,fruit
4335,2723,wine
4336,2724,herbal
4337,2727,gin
4338,2732,herbal
4339,2733,fruit
4340,2734,tequila
4341,2744,fruit
4342,2745,grain
4343,2749,bitters
4344,2750,fruit
4345,2752,bitters
4346,2756,herbal
4347,2757,fruit
4348,2764,grain
4349,2772,fruit
4350,2775,herbal
4351,2776,herbal
4352,2777,herbal
4353,2779,fruit
4354,2780,bitters
4355,2781,herbal
4356,2786,grain
4357,2789,grain
4358,2795,fruit
4359,2797,juice
4360,2800,bitters
4361,2802,herbal
4362,2804,bitters
4363,2806,fruit
4364,2810,grain
4365,2811,fruit
4366,2812,fruit
4367,2814,fruit
4368,2823,wine
4369,2824,herbal
4370,2828,bitters
4371,2829,fruit
4372,2831,hoppy
4373,2832,citrus
4374,2836,tropical
4375,2841,fruit
4376,2845,citrus
4377,2848,bitters
4378,2852,bitters
4379,2856,fruit
4380,2859,herbal
4381,2862,cold
4382,2863,fruit
4383,2867,cold
4384,2869,nut
4385,2872,coffee
4386,2876,citrus
4387,2877,fruit
4388,2879,herbal
4389,2881,herbal
4390,2889,fruit
4391,2897,nut
4392,2899,tea
4393,2903,sugar
4394,2907,herbal
4395,2911,fruit
4396,2913,herbal
4397,2914,citrus
4398,2918,citrus
4399,2923,bitters
4400,2924,herbal
4401,2926,herbal
4402,2929,juice
4403,2933,juice
4404,2935,juice
4405,2936,juice
4406,2938,syrup
4407,2941,cold
4408,2943,fruit
4409,2946,citrus
4410,2947,herbal
4411,2949,cold
4412,2950,bitters
4413,2953,cold
4414,2955,bitters
4415,2956,herbal
4416,2958,citrus
4417,2959,herbal
4418,2961,syrup
4419,2962,bitters
4420,2965,herbal
4421,2966,coffee
4422,2973,fruit
4423,2976,herbal
4424,2977,syrup
4425,2978,cold
4426,2979,fruit
4427,2980,herbal
4428,2982,tropical
4429,2983,cold
4430,2986,bitters
4431,2987,herbal
4432,2989,fruit
4433,2990,citrus
4434,2994,cold
4435,2995,cold
4436,2997,fruit
4437,2998,herbal
4438,3000,cold
4439,3004,fruit
4440,3015,cold
4441,3022,juice
4442,3023,tropical
4443,3025,cold
4444,3026,grain
4445,3028,nut
4446,3029,fruit
4447,3030,cold
4448,3031,fruit
4449,3035,nut
4450,3037,syrup
4451,3038,citrus
4452,3039,citrus
4453,3041,grain
4454,3043,bitters
4455,3044,bitters
4456,3045,wine
4457,3046,beer
4458,3048,fruit
4459,3050,cold
4460,3052,spicy
4461,3056,juice
4462,3058,citrus
4463,3061,fruit
4464,3064,cold
4465,3066,nut
4466,3068,tequila
4467,3069,syrup
4468,3072,syrup
4469,3076,cold
4470,3079,herbal
4471,3081,cold
4472,3082,syrup
4473,3083,spicy
4474,3085,herbal
4475,3089,herbal
4476,3095,cold
4477,3096,grain
4478,3099,citrus
4479,3101,chocolate
4480,3102,herbal
4481,3103,syrup
4482,3104,juice
4483,3105,cold
4484,3106,bitters
4485,3107,herbal
4486,3109,sugar
4487,3113,herbal
4488,3114,bitters
4489,3116,tequila
4490,3117,fruit
4491,3118,cold
4492,3119,tropical
4493,3124,cold
4494,3128,fruit
4495,3129,cold
4496,3133,fruit
4497,3134,fruit
4498,3136,tropical
4499,3137,cold
4500,3143,fruit
4501,3145,cold
4502,3147,fruit
4503,3148,fruit
4504,3149,wine
4505,3150,sour
4506,3151,fruit
4507,3155,chocolate
4508,3157,herbal
4509,3158,hoppy
4510,3161,fruit
4511,3165,grain
4512,3168,fruit
4513,3170,fruit
4514,3171,cold
4515,3172,tequila
4516,3173,fruit
4517,3174,cold
4518,3176,cold
4519,3177,fruit
4520,3178,fruit
4521,3181,sugar
4522,3186,fruit
4523,3188,fruit
4524,3189,fruit
4525,3192,herbal
4526,3193,juice
4527,3195,cold
4528,3198,wine
4529,3199,brandy
4530,3201,juice
4531,3202,cold
4532,3203,herbal
4533,3205,cold
4534,3206,herbal
4535,3207,fruit
4536,3208,bitters
4537,3210,bitters
4538,3211,fruit
4539,3213,bitters
4540,3214,herbal
4541,3222,bitters
4542,3223,wine
4543,3225,cold
4544,3228,grain
4545,3233,beer
4546,2,juice
4547,6,juice
4548,7,fruit
4549,12,juice
4550,13,tropical
4551,19,tropical
4552,30,juice
4553,35,juice
4554,37,tropical
4555,40,gin
4556,41,juice
4557,47,juice
4558,49,gin
4559,50,cream
4560,51,spice
4561,53,gin
4562,54,gin
4563,55,sour
4564,62,bitters
4565,64,fruit
4566,72,juice
4567,76,juice
4568,81,juice
4569,82,bitters
4570,87,gin
4571,89,juice
4572,92,gin
4573,93,fruit
4574,97,juice
4575,98,herbal
4576,101,gin
4577,104,juice
4578,107,beer
4579,108,juice
4580,109,fruit
4581,110,bitters
4582,115,vegetable
4583,118,juice
4584,120,fruit
4585,121,gin
4586,123,beer
4587,125,gin
4588,133,juice
4589,134,juice
4590,139,tropical
4591,140,bitters
4592,141,tropical
4593,145,juice
4594,146,juice
4595,148,beer
4596,150,bitters
4597,153,juice
4598,154,fruit
4599,160,juice
4600,164,gin
4601,165,juice
4602,174,juice
4603,178,gin
4604,184,fruit
4605,185,juice
4606,193,beer
4607,195,beer
4608,213,juice
4609,214,fruit
4610,217,tropical
4611,220,juice
4612,223,juice
4613,233,gin
4614,235,juice
4615,238,bitters
4616,240,juice
4617,247,juice
4618,249,gin
4619,250,juice
4620,254,juice
4621,255,fruit
4622,257,herbal
4623,258,spice
4624,264,juice
4625,266,gin
4626,277,bitters
4627,282,gin
4628,283,juice
4629,285,beer
4630,290,juice
4631,291,gin
4632,299,beer
4633,307,juice
4634,310,gin
4635,319,juice
4636,326,fruit
4637,340,juice
4638,341,beer
4639,343,gin
4640,344,fruit
4641,346,tropical
4642,349,fruit
4643,351,juice
4644,362,gin
4645,363,fruit
4646,368,juice
4647,369,gin
4648,378,bitters
4649,381,gin
4650,382,juice
4651,385,gin
4652,387,tropical
4653,395,beer
4654,399,gin
4655,402,fruit
4656,403,tropical
4657,410,bitters
4658,425,fruit
4659,426,cream
4660,432,gin
4661,433,fruit
4662,434,juice
4663,439,juice
4664,440,cream
4665,443,gin
4666,444,juice
4667,445,beer
4668,449,beer
4669,450,bitters
4670,454,juice
4671,455,fruit
4672,457,cream
4673,458,cream
4674,466,bitters
4675,470,beer
4676,473,gin
4677,474,juice
4678,478,bitters
4679,482,gin
4680,490,juice
4681,498,fruit
4682,499,juice
4683,502,gin
4684,504,juice
4685,507,gin
4686,517,gin
4687,520,juice
4688,524,fruit
4689,526,juice
4690,527,gin
4691,529,juice
4692,541,juice
4693,545,beer
4694,574,juice
4695,579,fruit
4696,580,juice
4697,584,juice
4698,585,fruit
4699,587,fruit
4700,590,fruit
4701,591,tropical
4702,592,fruit
4703,600,cream
4704,601,juice
4705,602,cream
4706,609,fruit
4707,610,juice
4708,611,herbal
4709,613,beer
4710,616,fruit
4711,617,juice
4712,620,juice
4713,621,tropical
4714,623,tropical
4715,626,fruit
4716,633,juice
4717,635,juice
4718,637,fruit
4719,649,bitters
4720,655,vegetable
4721,656,juice
4722,657,beer
4723,658,cold
4724,659,fruit
4725,663,juice
4726,673,gin
4727,675,juice
4728,676,juice
4729,697,beer
4730,698,juice
4731,703,juice
4732,705,bitters
4733,708,fruit
4734,709,juice
4735,720,fruit
4736,730,juice
4737,734,bitters
4738,741,gin
4739,742,juice
4740,743,beer
4741,744,bitters
4742,747,gin
4743,748,juice
4744,752,tropical
4745,756,juice
4746,757,fruit
4747,758,beer
4748,761,fruit
4749,762,juice
4750,763,bitters
4751,766,gin
4752,769,gin
4753,770,juice
4754,771,gin
4755,774,juice
4756,775,bitters
4757,778,gin
4758,780,juice
4759,786,spice
4760,789,beer
4761,791,bitters
4762,793,beer
4763,794,bitters
4764,797,beer
4765,802,juice
4766,803,sugar
4767,804,fruit
4768,806,beer
4769,808,bitters
4770,823,juice
4771,824,cream
4772,826,juice
4773,827,gin
4774,832,juice
4775,856,tropical
4776,857,herbal
4777,866,herbal
4778,867,juice
4779,869,gin
4780,877,juice
4781,881,beer
4782,883,juice
4783,885,fruit
4784,890,juice
4785,895,juice
4786,897,gin
4787,898,juice
4788,900,gin
4789,902,juice
4790,904,gin
4791,905,juice
4792,906,herbal
4793,907,herbal
4794,918,cream
4795,919,juice
4796,922,cream
4797,923,juice
4798,928,juice
4799,934,juice
4800,937,gin
4801,944,gin
4802,946,beer
4803,950,juice
4804,957,juice
4805,968,juice
4806,969,juice
4807,980,juice
4808,984,gin
4809,986,juice
4810,988,gin
4811,990,juice
4812,994,juice
4813,999,juice
4814,1000,fruit
4815,1004,beer
4816,1008,gin
4817,1017,juice
4818,1020,juice
4819,1023,fruit
4820,1025,fruit
4821,1026,juice
4822,1029,nut
4823,1034,juice
4824,1037,gin
4825,1038,herbal
4826,1045,nut
4827,1046,juice
4828,1053,juice
4829,1054,grain
4830,1061,juice
4831,1067,fruit
4832,1068,juice
4833,1070,juice
4834,1076,juice
4835,1080,fruit
4836,1081,juice
4837,1082,fruit
4838,1086,juice
4839,1088,cold
4840,1089,juice
4841,1095,juice
4842,1099,beer
4843,1105,juice
4844,1106,gin
4845,1108,fruit
4846,1117,tropical
4847,1118,juice
4848,1131,juice
4849,1133,gin
4850,1143,juice
4851,1145,fruit
4852,1152,gin
4853,1154,gin
4854,1161,fruit
4855,1162,juice
4856,1163,fruit
4857,1164,fruit
4858,1165,beer
4859,1166,juice
4860,1177,fruit
4861,1182,juice
4862,1183,cream
4863,1185,bitters
4864,1187,gin
4865,1192,fruit
4866,1193,juice
4867,1194,vegetable
4868,1199,beer
4869,1204,juice
4870,1205,beer
4871,1217,gin
4872,1221,bitters
4873,1222,bitters
4874,1224,gin
4875,1228,cold
4876,1229,cream
4877,1230,juice
4878,1236,juice
4879,1239,juice
4880,1250,bitters
4881,1255,gin
4882,1257,beer
4883,1259,bitters
4884,1262,juice
4885,1267,fruit
4886,1277,bitters
4887,1281,fruit
4888,1282,juice
4889,1287,sugar
4890,1293,juice
4891,1303,gin
4892,1305,gin
4893,1306,beer
4894,1307,beer
4895,1310,juice
4896,1315,tropical
4897,1316,fruit
4898,1317,juice
4899,1320,juice
4900,1321,fruit
4901,1322,gin
4902,1324,juice
4903,1330,bitters
4904,1335,bitters
4905,1336,bitters
4906,1340,juice
4907,1345,juice
4908,1346,juice
4909,1351,beer
4910,1354,juice
4911,1356,gin
4912,1359,gin
4913,1364,juice
4914,1365,fruit
4915,1371,bitters
4916,1374,juice
4917,1380,juice
4918,1381,fruit
4919,1385,juice
4920,1388,gin
4921,1392,juice
4922,1399,juice
4923,1401,bitters
4924,1405,juice
4925,1406,gin
4926,1407,juice
4927,1419,juice
4928,1420,fruit
4929,1425,bitters
4930,1432,juice
4931,1439,herbal
4932,1440,fruit
4933,1441,bitters
4934,1448,juice
4935,1449,gin
4936,1450,fruit
4937,1451,gin
4938,1454,juice
4939,1456,gin
4940,1457,fruit
4941,1458,gin
4942,1461,juice
4943,1466,juice
4944,1470,fruit
4945,1471,juice
4946,1478,gin
4947,1481,juice
4948,1491,juice
4949,1497,fruit
4950,1499,fruit
4951,1503,juice
4952,1508,gin
4953,1509,juice
4954,1512,gin
4955,1514,gin
4956,1519,beer
4957,1520,juice
4958,1522,fruit
4959,1525,juice
4960,1530,gin
4961,1531,juice
4962,1538,gin
4963,1540,herbal
4964,1544,bitters
4965,1551,tropical
4966,1553,cream
4967,1554,cream
4968,1560,bitters
4969,1566,herbal
4970,1567,juice
4971,1568,gin
4972,1569,bitters
4973,1575,juice
4974,1593,juice
4975,1603,beer
4976,1607,juice
4977,1610,bitters
4978,1612,gin
4979,1614,gin
4980,1626,fruit
4981,1627,fruit
4982,1634,beer
4983,1637,beer
4984,1639,juice
4985,1643,bitters
4986,1645,juice
4987,1653,juice
4988,1654,fruit
4989,1655,juice
4990,1659,juice
4991,1664,gin
4992,1665,gin
4993,1668,gin
4994,1670,juice
4995,1674,beer
4996,1676,gin
4997,1677,gin
4998,1686,juice
4999,1688,beer
5000,1689,fruit
5001,1692,juice
5002,1697,juice
5003,1698,nut
5004,1705,juice
5005,1713,juice
5006,1714,fruit
5007,1721,bitters
5008,1725,juice
5009,1730,fruit
5010,1731,tropical
5011,1734,mixer
5012,1736,coffee
5013,1740,juice
5014,1743,herbal
5015,1747,fruit
5016,1755,bitters
5017,1757,juice
5018,1759,gin
5019,1761,tropical
5020,1765,juice
5021,1771,fruit
5022,1780,fruit
5023,1783,juice
5024,1794,juice
5025,1805,juice
5026,1809,bitters
5027,1813,nut
5028,1814,juice
5029,1820,herbal
5030,1827,fruit
5031,1828,herbal
5032,1829,juice
5033,1831,gin
5034,1832,beer
5035,1833,fruit
5036,1835,juice
5037,1836,spicy
5038,1837,fruit
5039,1840,juice
5040,1842,gin
5041,1844,gin
5042,1850,gin
5043,1855,juice
5044,1858,gin
5045,1860,gin
5046,1864,gin
5047,1865,fruit
5048,1867,juice
5049,1875,bitters
5050,1877,juice
5051,1881,juice
5052,1886,juice
5053,1895,juice
5054,1896,fruit
5055,1898,tropical
5056,1906,juice
5057,1907,gin
5058,1910,juice
5059,1913,beer
5060,1916,gin
5061,1919,gin
5062,1920,fruit
5063,1921,juice
5064,1926,juice
5065,1927,gin
5066,1930,juice
5067,1932,bitters
5068,1937,gin
5069,1940,juice
5070,1941,bitters
5071,1944,fruit
5072,1949,juice
5073,1950,juice
5074,1954,fruit
5075,1959,bitters
5076,1962,juice
5077,1965,juice
5078,1970,juice
5079,1971,fruit
5080,1972,tropical
5081,1975,juice
5082,1976,tropical
5083,1977,beer
5084,1980,gin
5085,1981,juice
5086,1982,fruit
5087,1986,gin
5088,1987,juice
5089,1991,juice
5090,1996,juice
5091,2001,juice
5092,2004,juice
5093,2013,gin
5094,2014,juice
5095,2019,juice
5096,2024,juice
5097,2025,bitters
5098,2033,juice
5099,2039,juice
5100,2041,gin
5101,2045,fruit
5102,2046,juice
5103,2048,gin
5104,2050,gin
5105,2053,juice
5106,2058,beer
5107,2063,juice
5108,2067,juice
5109,2068,juice
5110,2069,nut
5111,2073,beer
5112,2077,gin
5113,2081,juice
5114,2085,juice
5115,2086,fruit
5116,2091,juice
5117,2092,gin
5118,2094,juice
5119,2095,juice
5120,2098,fruit
5121,2101,bitters
5122,2111,juice
5123,2116,beer
5124,2117,tropical
5125,2123,juice
5126,2127,fruit
5127,2129,fruit
5128,2131,juice
5129,2142,juice
5130,2145,beer
5131,2150,gin
5132,2151,organic
5133,2152,juice
5134,2155,juice
5135,2161,juice
5136,2180,nut
5137,2184,beer
5138,2190,juice
5139,2195,cream
5140,2198,juice
5141,2199,herbal
5142,2205,juice
5143,2209,beer
5144,2218,fruit
5145,2220,juice
5146,2228,fruit
5147,2229,juice
5148,2233,gin
5149,2234,juice
5150,2236,beer
5151,2239,gin
5152,2240,juice
5153,2246,juice
5154,2247,fruit
5155,2252,gin
5156,2260,tropical
5157,2268,juice
5158,2271,juice
5159,2279,juice
5160,2283,nut
5161,2284,juice
5162,2288,juice
5163,2292,juice
5164,2296,juice
5165,2298,gin
5166,2302,fruit
5167,2306,juice
5168,2309,juice
5169,2311,herbal
5170,2314,juice
5171,2320,bitters
5172,2324,fruit
5173,2325,juice
5174,2329,gin
5175,2330,juice
5176,2338,bitters
5177,2342,juice
5178,2346,fruit
5179,2348,juice
5180,2349,bitters
5181,2351,gin
5182,2352,tropical
5183,2353,juice
5184,2355,juice
5185,2356,fruit
5186,2359,juice
5187,2364,juice
5188,2370,juice
5189,2374,juice
5190,2375,nut
5191,2379,juice
5192,2382,cream
5193,2383,juice
5194,2387,fruit
5195,2388,juice
5196,2389,tropical
5197,2393,juice
5198,2398,juice
5199,2399,beer
5200,2400,gin
5201,2411,juice
5202,2416,juice
5203,2419,juice
5204,2421,tropical
5205,2423,gin
5206,2424,juice
5207,2425,fruit
5208,2427,juice
5209,2428,fruit
5210,2432,beer
5211,2433,beer
5212,2435,juice
5213,2436,juice
5214,2440,juice
5215,2442,gin
5216,2443,juice
5217,2447,cream
5218,2448,juice
5219,2452,juice
5220,2454,cream
5221,2455,beer
5222,2458,tropical
5223,2459,juice
5224,2462,beer
5225,2464,fruit
5226,2465,juice
5227,2476,cream
5228,2479,cream
5229,2481,juice
5230,2484,juice
5231,2489,herbal
5232,2490,juice
5233,2492,fruit
5234,2495,juice
5235,2496,fruit
5236,2498,herbal
5237,2503,juice
5238,2504,tropical
5239,2512,juice
5240,2514,fruit
5241,2515,juice
5242,2518,fruit
5243,2519,juice
5244,2520,juice
5245,2522,bitters
5246,2533,juice
5247,2537,herbal
5248,2538,juice
5249,2542,juice
5250,2544,juice
5251,2545,juice
5252,2548,juice
5253,2551,tropical
5254,2552,gin
5255,2553,cream
5256,2557,juice
5257,2560,fruit
5258,2565,juice
5259,2569,juice
5260,2570,beer
5261,2572,juice
5262,2575,gin
5263,2585,gin
5264,2586,juice
5265,2595,bitters
5266,2597,fruit
5267,2598,gin
5268,2603,juice
5269,2608,juice
5270,2609,cream
5271,2614,tropical
5272,2618,gin
5273,2629,beer
5274,2632,bitters
5275,2638,fruit
5276,2642,cream
5277,2643,cream
5278,2646,gin
5279,2647,bitters
5280,2671,bitters
5281,2678,bitters
5282,2682,bitters
5283,2686,bitters
5284,2717,bitters
5285,2720,spirit
5286,2721,bitters
5287,2724,gin
5288,2732,beer
5289,2733,bitters
5290,2744,bitters
5291,2757,bitters
5292,2775,beer
5293,2776,bitters
5294,2777,bitters
5295,2781,bitters
5296,2795,bitters
5297,2797,fruit
5298,2824,gin
5299,2832,tropical
5300,2836,beer
5301,2845,tropical
5302,2856,bitters
5303,2859,beer
5304,2862,juice
5305,2867,juice
5306,2869,cream
5307,2876,fruit
5308,2877,bitters
5309,2879,beer
5310,2899,grain
5311,2907,bitters
5312,2911,bitters
5313,2914,fruit
5314,2918,tropical
5315,2924,bitters
5316,2926,beer
5317,2929,fruit
5318,2935,fruit
5319,2936,fruit
5320,2938,sugar
5321,2941,fruit
5322,2946,fruit
5323,2947,gin
5324,2949,juice
5325,2953,juice
5326,2965,cream
5327,2966,cream
5328,2976,gin
5329,2977,herbal
5330,2978,juice
5331,2980,gin
5332,2982,fruit
5333,2983,juice
5334,2987,beer
5335,2990,fruit
5336,2994,juice
5337,2998,gin
5338,3000,juice
5339,3004,bitters
5340,3022,fruit
5341,3023,fruit
5342,3025,juice
5343,3030,juice
5344,3039,herbal
5345,3046,coffee
5346,3050,juice
5347,3056,fruit
5348,3064,juice
5349,3066,cream
5350,3076,juice
5351,3079,gin
5352,3081,juice
5353,3082,sugar
5354,3089,gin
5355,3095,juice
5356,3099,fruit
5357,3101,bitters
5358,3102,gin
5359,3104,fruit
5360,3105,juice
5361,3107,bitters
5362,3113,beer
5363,3118,juice
5364,3119,fruit
5365,3124,juice
5366,3129,juice
5367,3136,fruit
5368,3137,juice
5369,3145,juice
5370,3148,beer
5371,3151,bitters
5372,3157,gin
5373,3158,herbal
5374,3168,bitters
5375,3171,juice
5376,3174,juice
5377,3176,juice
5378,3186,bitters
5379,3189,organic
5380,3192,gin
5381,3193,fruit
5382,3195,juice
5383,3198,fruit
5384,3199,wine
5385,3201,fruit
5386,3202,juice
5387,3203,gin
5388,3205,juice
5389,3206,gin
5390,3214,beer
5391,3225,juice
5392,13,fruit
5393,19,fruit
5394,37,fruit
5395,40,spice
5396,49,spice
5397,54,cold
5398,64,cold
5399,76,fruit
5400,87,spice
5401,92,spice
5402,98,gin
5403,101,spice
5404,109,cold
5405,121,spice
5406,125,spice
5407,134,fruit
5408,139,rum
5409,141,sour
5410,145,fruit
5411,154,cold
5412,164,spice
5413,178,spice
5414,184,cold
5415,217,fruit
5416,233,beer
5417,249,spice
5418,255,beer
5419,257,gin
5420,266,beer
5421,282,beer
5422,291,beer
5423,310,spice
5424,343,spice
5425,344,cold
5426,346,nut
5427,362,spice
5428,369,beer
5429,381,spice
5430,385,beer
5431,387,fruit
5432,399,spice
5433,402,cold
5434,403,nut
5435,432,spice
5436,443,spice
5437,455,cold
5438,473,spice
5439,482,spice
5440,502,spice
5441,507,spice
5442,517,spice
5443,527,spice
5444,587,bitters
5445,590,spicy
5446,591,cream
5447,611,gin
5448,621,fruit
5449,623,cream
5450,673,spice
5451,675,fruit
5452,708,cold
5453,741,spice
5454,752,nut
5455,766,spice
5456,769,spice
5457,771,beer
5458,778,spice
5459,803,cold
5460,804,cold
5461,827,spice
5462,856,nut
5463,857,tropical
5464,869,spice
5465,897,beer
5466,900,spice
5467,902,fruit
5468,904,spice
5469,906,gin
5470,907,cold
5471,937,spice
5472,944,spice
5473,969,fruit
5474,980,fruit
5475,984,spice
5476,988,spice
5477,1000,cold
5478,1029,cream
5479,1034,fruit
5480,1037,spice
5481,1038,gin
5482,1045,cream
5483,1054,bitters
5484,1105,fruit
5485,1106,spice
5486,1117,cream
5487,1133,beer
5488,1152,beer
5489,1154,beer
5490,1161,cold
5491,1187,spice
5492,1217,spice
5493,1224,spice
5494,1228,fruit
5495,1255,beer
5496,1305,spice
5497,1315,cream
5498,1316,cold
5499,1320,fruit
5500,1321,cold
5501,1322,beer
5502,1345,fruit
5503,1359,spice
5504,1380,sour
5505,1406,spice
5506,1432,fruit
5507,1439,gin
5508,1449,spice
5509,1450,hoppy
5510,1456,spice
5511,1478,spice
5512,1497,sour
5513,1508,spice
5514,1512,beer
5515,1514,spice
5516,1530,spice
5517,1531,fruit
5518,1538,spice
5519,1540,gin
5520,1551,cream
5521,1568,spice
5522,1612,spice
5523,1614,spice
5524,1639,fruit
5525,1653,fruit
5526,1664,fruit
5527,1665,beer
5528,1668,spice
5529,1676,spice
5530,1677,beer
5531,1689,cold
5532,1698,cream
5533,1730,cold
5534,1731,cream
5535,1759,spice
5536,1761,cream
5537,1765,fruit
5538,1780,cold
5539,1813,cream
5540,1820,fruit
5541,1828,gin
5542,1831,spice
5543,1842,spice
5544,1850,spice
5545,1858,spice
5546,1860,spice
5547,1864,spice
5548,1896,cold
5549,1898,rum
5550,1907,beer
5551,1919,spice
5552,1927,beer
5553,1937,beer
5554,1950,fruit
5555,1972,fruit
5556,1976,fruit
5557,1980,spice
5558,1986,spice
5559,2013,spice
5560,2041,spice
5561,2048,beer
5562,2050,spice
5563,2067,fruit
5564,2069,cream
5565,2077,beer
5566,2092,spice
5567,2095,fruit
5568,2117,cream
5569,2150,spice
5570,2180,cream
5571,2228,cold
5572,2233,spice
5573,2236,cream
5574,2239,spice
5575,2252,spice
5576,2260,grain
5577,2283,cream
5578,2298,spice
5579,2329,spice
5580,2351,spice
5581,2375,cream
5582,2389,cream
5583,2400,spice
5584,2421,fruit
5585,2423,spice
5586,2432,cream
5587,2442,spice
5588,2458,fruit
5589,2498,gin
5590,2504,fruit
5591,2520,fruit
5592,2537,fruit
5593,2548,fruit
5594,2551,herbal
5595,2552,spice
5596,2553,nut
5597,2575,spice
5598,2585,spice
5599,2598,beer
5600,2614,fruit
5601,2618,spice
5602,2646,spice
5603,2720,beer
5604,2724,spice
5605,2797,sour
5606,2824,spice
5607,2832,fruit
5608,2845,fruit
5609,2918,fruit
5610,2947,spice
5611,2976,spice
5612,2977,gin
5613,2980,spice
5614,2990,cream
5615,2998,spice
5616,3023,cold
5617,3025,fruit
5618,3039,fruit
5619,3079,spice
5620,3089,spice
5621,3095,fruit
5622,3102,spice
5623,3119,cold
5624,3136,cold
5625,3145,fruit
5626,3158,gin
5627,3192,spice
5628,3198,tea
5629,3203,beer
5630,64,juice
5631,109,juice
5632,154,juice
5633,184,juice
5634,344,juice
5635,402,juice
5636,455,juice
5637,708,juice
5638,804,juice
5639,869,grain
5640,1000,juice
5641,1161,juice
5642,1217,grain
5643,1316,juice
5644,1321,juice
5645,1449,grain
5646,1456,grain
5647,1540,spice
5648,1664,spice
5649,1689,juice
5650,1730,juice
5651,1759,grain
5652,1780,juice
5653,1896,juice
5654,2228,juice
5655,2551,nut
5656,2553,spice
5657,2614,nut
5658,3023,juice
5659,3119,juice
5660,3136,juice
5661,3158,spice
5662,2551,grain
5663,2614,sugar
