compositionId,recipeId,quantity,unit,ingredientId
0,0,1.5,oz,280
1,0,1,oz,683
2,0,.5,oz,275
3,0,,,1040
4,1,2,oz,668
5,1,.75,oz,320
6,1,.5,oz,950
7,1,.5,oz,34
8,1,.25,oz,641
9,1,4,dash,176
10,1,,,403
11,2,1500,ml,250
12,2,750,ml,950
13,2,750,ml,574
14,2,.5,oz,13
15,2,1,,507
16,3,1.5,oz,12
17,3,.75,oz,844
18,3,.5,oz,583
19,3,.25,oz,1220
20,3,1,bsp,111
21,4,1.25,oz,371
22,4,4,drops,968
23,4,2,oz,12
24,4,.75,oz,40
25,4,.25,oz,285
26,4,3,dash,193
27,5,1,oz,668
28,5,1,oz,985
29,5,1,oz,1165
30,5,.75,oz,950
31,5,2,dash,1033
32,5,6-8,,1002
33,5,,,1080
34,6,2,oz,1201
35,6,1,oz,231
36,6,.5,oz,222
37,6,.5,oz,1203
38,6,.5,oz,864
39,7,1.5,oz,526
40,7,.5,oz,802
41,7,.75,oz,275
42,7,.5,oz,42
43,7,2,count,786
44,8,.75,oz,916
45,8,.5,oz,559
46,8,.25,oz,371
47,8,.25,oz,231
48,8,3,oz,763
49,9,1,oz,785
50,9,1.5,oz,699
51,9,.75,oz,32
52,9,,,907
53,9,,,852
54,10,1.5,oz,741
55,10,.75,oz,119
56,10,.75,oz,1020
57,10,.5,oz,682
58,10,.25,oz,818
59,11,1.5,oz,280
60,11,.25,oz,608
61,11,.75,oz,983
62,11,2,dash,1199
63,12,1.5,oz,668
64,12,.75,oz,15
65,12,.5,oz,1036
66,12,6-7,,1113
67,12,.5,oz,867
68,12,1,oz,647
69,13,.75,oz,371
70,13,.5,oz,222
71,13,1,,318
72,13,.25,oz,275
73,13,5,dash,107
74,14,1.5,oz,668
75,14,1,oz,1157
76,14,.5,oz,304
77,14,.25,oz,630
78,15,.75,oz,371
79,15,.5,oz,668
80,15,.75,oz,254
81,15,.25,oz,950
82,15,1,dash,124
83,16,.75,oz,976
84,16,.75,oz,725
85,16,.75,oz,725
86,16,.75,oz,40
87,17,1,oz,785
88,17,1,oz,546
89,17,.25,oz,440
90,17,.25,oz,504
91,17,2,dash,599
92,18,25,oz,785
93,18,37.5,oz,34
94,18,37.5,oz,249
95,19,.75,c,668
96,19,.75,c,1013
97,19,.5,c,950
98,19,.5,c,659
99,19,4,dash,791
100,19,1,bottle,201
101,20,1.5,oz,785
102,20,.5,oz,285
103,20,.25,oz,171
104,20,.75,oz,950
105,21,1.5,oz,100
106,21,.5,oz,609
107,21,.5,oz,573
108,21,.5,oz,440
109,21,1,oz,1095
110,21,3,dash,276
111,22,,,959
112,22,,,387
113,22,,,405
114,22,,,930
115,22,,,913
116,23,1.5,oz,100
117,23,.5,oz,371
118,23,.75,oz,286
119,23,.5,oz,229
120,23,.5,oz,1127
121,24,1,oz,785
122,24,.25,oz,127
123,24,,,49
124,25,2,oz,461
125,25,1,oz,785
126,25,.25,oz,97
127,25,1,dash,791
128,26,2,oz,944
129,26,.25,oz,844
130,26,.25,oz,371
131,26,2,dash,791
132,27,1,oz,868
133,27,.5,oz,950
134,27,.5,oz,304
135,27,.5,oz,229
136,27,,,140
137,28,1.5,oz,983
138,28,1,oz,375
139,28,.25,oz,348
140,28,1,dash,597
141,28,1,dash,227
142,29,1.5,oz,546
143,29,.5,oz,662
144,29,.5,oz,514
145,29,.375,oz,632
146,29,.375,oz,950
147,30,1.5,oz,221
148,30,1.5,oz,858
149,30,.25,oz,371
150,30,2,dash,1014
151,31,1.5,oz,609
152,31,.5,oz,1201
153,31,.5,oz,535
154,31,.75,oz,15
155,31,.75,oz,1110
156,31,2,dash,791
157,32,1,oz,52
158,32,1,oz,839
159,32,2,oz,2
160,32,.5,oz,231
161,32,.75,oz,229
162,32,3,dash,1185
163,32,1,dash,791
164,33,2,oz,785
165,33,.75,oz,950
166,33,.75,oz,229
167,34,2,oz,133
168,34,1.5,oz,993
169,34,1,oz,63
170,34,.25,oz,553
171,35,.75,oz,668
172,35,.75,oz,9
173,35,.75,oz,983
174,35,.75,oz,950
175,35,.75,oz,738
176,35,.5,oz,154
177,36,1,oz,825
178,36,.5,oz,785
179,36,.5,oz,814
180,36,.75,oz,1020
181,36,1,dash,791
182,36,1,dash,1198
183,37,2,oz,250
184,37,2,oz,15
185,37,1,oz,286
186,37,1,oz,229
187,38,2,oz,133
188,38,1.5,oz,1029
189,38,1,oz,116
190,38,.5,oz,189
191,39,1,oz,668
192,39,1,oz,971
193,39,1,oz,858
194,40,2,oz,461
195,40,.75,oz,858
196,40,3,dash,791
197,41,1,oz,431
198,41,1,oz,153
199,41,1,oz,854
200,42,2,oz,658
201,42,.75,oz,516
202,42,.75,oz,662
203,42,.25,oz,371
204,43,1.5,oz,658
205,43,1.5,oz,1111
206,43,.5,oz,371
207,44,2,oz,1201
208,44,.25,oz,371
209,44,.5,oz,229
210,44,1,dash,791
211,44,1,dash,111
212,45,2,oz,56
213,45,.75,oz,286
214,45,.5,oz,1127
215,45,.5,oz,371
216,45,1,tsp,111
217,46,.75,oz,80
218,46,.75,oz,977
219,46,.75,oz,371
220,46,.75,oz,275
221,47,1.5,oz,546
222,47,.5,oz,40
223,47,.75,oz,231
224,47,.75,oz,1000
225,47,.5,oz,864
226,48,1.5,oz,546
227,48,.75,oz,1011
228,48,.75,oz,977
229,48,2,dash,815
230,48,1,splash,407
231,49,40,ml,100
232,49,2,dash,791
233,49,,,390
234,50,2,oz,100
235,50,1.5,oz,1059
236,50,.25,oz,504
237,50,,,322
238,50,1,,652
239,51,1.5,oz,668
240,51,.5,oz,950
241,51,.25,oz,371
242,51,.25,oz,289
243,51,3-4,oz,1068
244,52,.75,oz,371
245,52,.25,oz,630
246,52,.5,oz,1148
247,52,.25,oz,950
248,53,1,oz,431
249,53,1,oz,785
250,53,.75,oz,440
251,53,.5,oz,504
252,53,2,oz,1035
253,54,1.5,oz,466
254,54,.5,oz,950
255,54,2,oz,439
256,54,2,oz,363
257,54,.5,oz,84
258,54,1,tsp,43
259,54,3,dash,1005
260,55,1.5,oz,668
261,55,2,oz,75
262,55,,,1196
263,56,2,oz,327
264,56,.5,oz,286
265,56,2-3,drops,791
266,56,,,1107
267,57,1,part,1075
268,57,4,part,502
269,58,1,part,1075
270,58,4,part,850
271,59,1.5,oz,1049
272,59,1.5,oz,1136
273,59,1,splash,156
274,60,1,oz,417
275,60,1,oz,940
276,60,1,oz,310
277,60,2,dash,929
278,60,3,oz,779
279,61,1,oz,222
280,61,4,oz,798
281,62,1.5,oz,546
282,62,1,oz,68
283,62,.75,oz,538
284,62,.75,oz,504
285,62,.25,oz,1194
286,62,3,,1076
287,62,8,,248
288,62,1,,1094
289,63,1.5,oz,839
290,63,.25,oz,538
291,63,3,oz,299
292,64,1,oz,688
293,64,1,oz,844
294,64,.5,oz,1174
295,64,.5,oz,750
296,65,1.5,oz,12
297,65,1,oz,834
298,65,.25,oz,539
299,65,.25,oz,685
300,65,,,571
301,66,1.5,oz,167
302,66,.25,oz,76
303,66,.5,oz,919
304,66,.75,oz,1197
305,66,2,oz,1039
306,66,.5,oz,803
307,66,.5,oz,275
308,67,2,oz,363
309,67,2,oz,760
310,67,1,oz,785
311,67,1,dash,202
312,68,1,cube,58
313,68,,,927
314,68,.75,oz,100
315,68,,,1101
316,69,2,oz,1187
317,69,2,oz,937
318,69,3,oz,337
319,69,2,oz,275
320,69,1,oz,404
321,69,2,oz,229
322,70,1.5,oz,983
323,70,.75,oz,887
324,70,.75,oz,644
325,70,2,dash,551
326,70,4,drops,588
327,70,2.5,oz,283
328,71,1,oz,668
329,71,1,oz,1013
330,71,1,oz,765
331,71,2,dash,791
332,71,1,dash,416
333,72,.75,oz,983
334,72,1,oz,668
335,72,.75,oz,844
336,72,.5,oz,677
337,72,2,dash,705
338,73,5,oz,937
339,73,4,oz,1174
340,73,3.5,oz,950
341,73,3.5,oz,685
342,74,1.5,oz,133
343,74,.5,oz,785
344,74,1,oz,15
345,74,.5,oz,229
346,74,2,oz,64
347,74,1,,678
348,75,2,part,431
349,75,.5,part,1154
350,75,.25,part,285
351,75,.5,part,538
352,75,1.5,part,1158
353,76,,,587
354,76,,,379
355,76,,,387
356,76,,,702
357,76,,,603
358,77,1,oz,983
359,77,1,oz,641
360,77,1,oz,431
361,77,.5,oz,622
362,78,1,oz,785
363,78,1.5,oz,34
364,78,1.5,oz,249
365,79,7,oz,100
366,79,1,oz,166
367,79,7,oz,892
368,79,2,,950
369,79,,,390
370,80,1.5,oz,121
371,80,.75,oz,118
372,80,,,245
373,80,.75,oz,222
374,80,1,oz,1109
375,81,.75,oz,983
376,81,.75,oz,658
377,81,.75,oz,530
378,81,2,dash,597
379,81,4,drops,220
380,82,1.25,oz,12
381,82,.25,oz,785
382,82,.5,oz,286
383,82,.25,oz,866
384,82,3-4,drops,199
385,82,4,oz,875
386,83,2,oz,546
387,83,.25,oz,1203
388,83,1,bsp,371
389,83,2,dash,791
390,84,2,oz,479
391,84,.75,oz,1057
392,84,.5,oz,462
393,84,.25,oz,1221
394,84,2,dash,973
395,85,1.5,oz,101
396,85,1.5,oz,1218
397,85,.5,oz,554
398,85,.25,oz,229
399,86,35,ml,785
400,86,125,ml,277
401,87,2,oz,945
402,87,2,oz,391
403,87,2,oz,770
404,88,2,oz,226
405,88,.5,oz,355
406,88,2,dashes,602
407,88,.25,oz,504
408,89,2,oz,226
409,89,.25,oz,1044
410,89,2,dash,1086
411,89,2,dash,555
412,90,2,oz,479
413,90,10,ml,547
414,90,10,ml,918
415,91,.5,oz,371
416,91,.5,oz,811
417,91,3,oz,701
418,92,2,oz,868
419,92,3,oz,798
420,92,1,splash,358
421,93,1,oz,983
422,93,1,oz,12
423,93,2,oz,848
424,93,1,dash,371
425,94,1,oz,399
426,94,1,scoop,963
427,94,,,1040
428,95,1,oz,431
429,95,1,oz,971
430,95,1,oz,261
431,96,1,oz,1027
432,96,1,oz,785
433,96,.5,oz,139
434,96,.75,oz,231
435,96,,,435
436,96,1,dash,973
437,97,1,oz,546
438,97,.5,oz,668
439,97,.75,oz,480
440,97,.5,oz,497
441,97,1,dash,791
442,98,1,oz,800
443,98,.67,oz,785
444,98,.5,oz,286
445,98,3,oz,1106
446,98,.5,oz,488
447,99,1.5,oz,353
448,99,.75,oz,1057
449,99,.75,oz,858
450,99,2,dash,406
451,100,.75,oz,100
452,100,.75,oz,371
453,100,.75,oz,977
454,100,.5,oz,275
455,100,.5,oz,15
456,101,2,oz,546
457,101,.5,oz,970
458,101,.5,oz,497
459,101,.375,oz,554
460,101,.375,oz,1020
461,101,1,oz,781
462,101,1,,864
463,102,1.5,oz,541
464,102,.25,oz,371
465,102,.5,oz,337
466,102,.75,oz,584
467,103,1.5,oz,546
468,103,.75,oz,141
469,103,.5,oz,9
470,103,.33,oz,685
471,103,.25,oz,155
472,104,1.5,oz,541
473,104,.5,oz,785
474,104,.5,oz,440
475,104,.5,oz,533
476,104,.5,oz,804
477,104,2,oz,759
478,104,3,drops,996
479,105,1,oz,431
480,105,1,oz,706
481,105,.5,oz,1057
482,105,.5,oz,785
483,106,1.5,oz,668
484,106,.5,oz,499
485,106,.25,oz,213
486,106,1,dash,791
487,106,1,dash,1186
488,106,.75,oz,1183
489,107,1.5,oz,881
490,107,.75,oz,950
491,107,.5,oz,668
492,107,.5,oz,552
493,107,.5,oz,869
494,107,.5,oz,719
495,107,2,dash,790
496,107,2,dash,380
497,108,1.5,oz,868
498,108,.5,oz,1084
499,108,.5,oz,231
500,108,1,splash,368
501,109,1,oz,668
502,109,1,oz,785
503,109,.5,oz,943
504,109,.75,oz,231
505,109,1,splash,911
506,110,2,oz,200
507,110,.5,oz,785
508,110,.75,oz,554
509,110,.75,oz,542
510,110,1,,864
511,110,,,135
512,111,1.5,oz,546
513,111,.5,oz,644
514,111,2,dash,1033
515,111,,,794
516,112,1.5,oz,859
517,112,.5,oz,785
518,112,.5,oz,548
519,112,.5,oz,729
520,112,.75,oz,440
521,112,1,,804
522,112,1,dash,791
523,113,2,oz,526
524,113,6,oz,374
525,113,1.5,tsp,190
526,113,.5,oz,231
527,114,1.5,oz,785
528,114,.5,oz,100
529,114,.5,oz,835
530,114,.5,oz,451
531,114,.75,oz,265
532,114,1,dash,519
533,115,2,oz,839
534,115,1,oz,1100
535,115,.5,oz,1219
536,115,.5,oz,259
537,116,1,oz,695
538,116,1,oz,839
539,116,2,oz,779
540,117,1.5,oz,834
541,117,.5,oz,440
542,117,.5,oz,40
543,117,.25,oz,371
544,118,2,oz,526
545,118,1,oz,653
546,118,2,dash,371
547,118,,,247
548,119,2,oz,668
549,119,.5,oz,1192
550,119,.25,oz,518
551,119,1,bsp,371
552,119,1,bsp,1166
553,119,2,dash,990
554,120,1,oz,466
555,120,1.5,oz,834
556,120,1,bsp,40
557,120,1,dash,373
558,121,1.5,oz,668
559,121,.75,oz,601
560,121,.25,oz,450
561,121,2,dash,815
562,121,2,dash,1033
563,122,1.5,oz,668
564,122,1.5,oz,1050
565,122,1,dash,790
566,122,3,dash,17
567,123,1.5,oz,546
568,123,.75,oz,935
569,123,.5,oz,40
570,123,.25,oz,271
571,124,1,oz,395
572,124,1.5,oz,46
573,124,.5,oz,10
574,124,.75,oz,950
575,125,1.5,part,658
576,125,.25,part,854
577,125,.75,part,799
578,125,.5,part,844
579,125,1,part,1042
580,125,1,part,231
581,125,.5,part,294
582,125,2,part,449
583,126,2,oz,526
584,126,.75,oz,231
585,126,.75,oz,1127
586,126,.5,oz,229
587,126,,,709
588,126,,,618
589,127,2,oz,731
590,127,1,oz,313
591,127,1,oz,129
592,127,4,dash,588
593,127,9,drops,862
594,128,1.5,oz,280
595,128,.75,oz,212
596,128,.125,oz,207
597,128,8,dash,862
598,129,1,oz,153
599,129,1,oz,1214
600,129,.75,oz,497
601,129,.75,oz,231
602,129,1,bsp,970
603,130,2,oz,834
604,130,.5,oz,424
605,130,6,dash,1022
606,130,3,dash,596
607,131,1.5,oz,668
608,131,.5,oz,746
609,131,1.5,oz,3
610,131,.5,oz,950
611,131,.5,oz,339
612,131,1,,864
613,131,,,749
614,132,1.5,oz,526
615,132,.75,oz,457
616,132,.75,oz,600
617,132,.75,oz,950
618,132,.5,oz,229
619,133,2,oz,167
620,133,.5,oz,950
621,133,.5,oz,1203
622,133,.25,oz,103
623,133,.5,oz,589
624,133,.5,oz,864
625,134,4,oz,303
626,134,1,bsp,341
627,135,1.5,oz,546
628,135,.75,oz,40
629,135,.5,oz,854
630,135,.25,oz,609
631,135,.16,oz,371
632,135,.5,oz,164
633,135,.5,oz,950
634,136,1.5,oz,100
635,136,.5,oz,231
636,136,.75,oz,521
637,136,1,oz,902
638,136,3,oz,622
639,136,,,191
640,136,,,253
641,136,,,384
642,136,,,253
643,136,,,598
644,136,,,324
645,136,,,892
646,136,,,648
647,137,1,oz,983
648,137,2,oz,431
649,137,2,dash,597
650,137,1,bsp,371
651,138,1,oz,983
652,138,1.5,oz,12
653,138,.25,oz,974
654,138,2,dash,960
655,139,2,oz,877
656,139,.75,oz,950
657,139,.75,oz,653
658,139,.5,oz,766
659,139,.5,oz,1151
660,139,.5,oz,25
661,139,2,dash,4
662,140,1.5,oz,40
663,140,.5,oz,440
664,140,.25,oz,504
665,140,.5,oz,804
666,140,1,dash,1207
667,141,2,oz,753
668,141,.75,oz,496
669,141,.5,oz,1206
670,141,2,dash,791
671,142,1,oz,431
672,142,1,oz,706
673,142,.75,oz,785
674,142,.5,oz,787
675,142,1,oz,768
676,142,.5,oz,440
677,142,1,oz,911
678,143,4,oz,526
679,143,.5,oz,432
680,143,1,dash,844
681,144,2,oz,226
682,144,.75,oz,46
683,144,.25,oz,371
684,144,4,dash,870
685,145,1,oz,526
686,145,1,oz,668
687,145,.5,oz,706
688,146,2,oz,526
689,146,.25,oz,504
690,146,2,dash,373
691,146,1,dash,36
692,147,1.5,oz,983
693,147,.5,oz,631
694,147,.5,oz,371
695,147,.5,oz,844
696,148,1.75,oz,431
697,148,.75,oz,685
698,148,.5,oz,538
699,148,.5,oz,458
700,148,1,,179
701,149,1.5,oz,242
702,149,.5,oz,222
703,149,1,oz,231
704,149,.25,oz,328
705,149,1,dash,1191
706,150,2,oz,221
707,150,.5,oz,1217
708,150,.5,oz,15
709,150,.5,oz,275
710,150,.25,oz,214
711,150,.75,,385
712,151,1.5,oz,431
713,151,1.5,oz,955
714,151,.75,oz,202
715,151,1,whole,1065
716,152,.75,oz,12
717,152,.75,oz,522
718,152,.5,oz,1030
719,152,.5,oz,1020
720,152,.25,oz,878
721,152,1,bsp,1025
722,153,1.5,oz,839
723,153,.75,oz,1208
724,153,.75,oz,267
725,153,.25,oz,155
726,153,1,tincture,973
727,153,1,tincture,373
728,154,1.5,oz,839
729,154,.75,oz,1103
730,154,.5,oz,826
731,154,.5,oz,504
732,155,1,oz,983
733,155,1,oz,788
734,155,2,dash,597
735,155,.25,oz,628
736,155,1,oz,283
737,155,1,oz,1161
738,156,9,oz,1013
739,156,6,oz,931
740,156,6,oz,798
741,156,3,oz,785
742,156,2,oz,950
743,156,1.5,oz,685
744,156,.5,oz,996
745,157,1.5,oz,753
746,157,1,oz,593
747,157,.75,oz,1173
748,157,.5,oz,950
749,157,.25,oz,1171
750,158,2,oz,668
751,158,.5,oz,1057
752,158,1,bsp,829
753,158,1,dash,791
754,158,1,dash,973
755,159,2,oz,479
756,159,1,oz,231
757,159,.5,oz,428
758,159,1,oz,858
759,160,1.5,oz,668
760,160,.5,oz,371
761,160,1,oz,1151
762,160,.75,oz,950
763,160,1,dash,1014
764,160,,,819
765,161,2,oz,1026
766,161,0.5,oz,785
767,161,3,dash,747
768,162,2,oz,526
769,162,.5,oz,785
770,162,.75,oz,275
771,162,,,390
772,163,1.5,oz,526
773,163,.75,oz,552
774,163,.5,oz,950
775,163,2,dash,597
776,163,,,1215
777,164,2,oz,526
778,164,.5,oz,785
779,164,3,oz,689
780,164,1,oz,231
781,164,.5,oz,97
782,164,.5,oz,864
783,164,2,dash,791
784,165,1.5,oz,425
785,165,.5,oz,1138
786,165,.5,oz,655
787,165,1,oz,637
788,166,2,oz,541
789,166,1,oz,653
790,166,.25,oz,345
791,166,1,dash,675
792,167,2,oz,448
793,167,1,oz,858
794,167,1,dash,1014
795,168,1,oz,983
796,168,1,oz,77
797,168,.75,oz,136
798,168,1,oz,283
799,168,1,dash,815
800,169,1.5,oz,668
801,169,.75,oz,134
802,169,.75,oz,950
803,169,.75,oz,856
804,169,1,oz,15
805,170,2,oz,221
806,170,.75,oz,858
807,170,.25,oz,371
808,170,2,dash,597
809,171,1.5,oz,221
810,171,1,oz,748
811,171,1,oz,9
812,172,1.5,oz,983
813,172,1,oz,323
814,172,.75,oz,499
815,173,1,part,431
816,173,1,part,203
817,173,1,part,1124
818,173,.5,part,86
819,173,.33,part,208
820,173,,,344
821,174,1.5,oz,613
822,174,.75,oz,1159
823,174,.75,oz,1059
824,174,.625,oz,1096
825,175,1,oz,431
826,175,.75,oz,950
827,175,.5,oz,785
828,175,.5,oz,86
829,176,1.5,oz,431
830,176,.5,oz,720
831,176,1,bsp,609
832,176,1,oz,1059
833,176,.75,oz,504
834,176,5,leaves,1128
835,177,1,oz,1188
836,177,1,oz,1013
837,177,1,oz,868
838,178,1.5,oz,221
839,178,1,oz,520
840,178,.5,oz,1057
841,178,3,dash,791
842,179,2,oz,668
843,179,.5,oz,301
844,179,1,bsp,29
845,179,3,dash,24
846,180,.75,oz,983
847,180,.75,oz,418
848,180,2.5,oz,798
849,181,1,oz,983
850,181,.25,oz,300
851,181,.75,oz,1135
852,181,2,oz,798
853,182,.75,oz,983
854,182,.75,oz,1056
855,182,.75,oz,104
856,182,.75,oz,64
857,182,2,dash,894
858,182,1,dash,1082
859,182,,,279
860,183,.5,oz,983
861,183,1,oz,668
862,183,1.5,oz,419
863,183,1,ml,128
864,184,1.25,oz,181
865,184,.5,oz,1197
866,184,.25,oz,972
867,184,1,oz,275
868,184,.5,oz,1132
869,184,1,,1193
870,184,3,dash,791
871,185,1.5,oz,448
872,185,.25,oz,1033
873,185,4,oz,94
874,185,2-3,oz,402
875,186,1.5,oz,726
876,186,.75,oz,559
877,186,.75,oz,275
878,186,.25,oz,371
879,186,.125,oz,572
880,187,1.5,oz,221
881,187,1,oz,653
882,187,.5,oz,222
883,187,.5,oz,950
884,188,2,oz,839
885,188,2,oz,144
886,188,1,oz,1035
887,188,1,tincture,752
888,189,1.5,oz,668
889,189,1,oz,843
890,189,1,oz,275
891,189,8-9,drops,1051
892,189,6,,561
893,190,2,oz,100
894,190,3,oz,562
895,190,.5,oz,275
896,191,2,oz,100
897,191,3,oz,875
898,191,.5,oz,275
899,192,3,oz,508
900,192,.5,oz,785
901,192,.25,oz,357
902,192,.25,oz,225
903,193,1.5,oz,1175
904,193,.5,oz,785
905,193,1,oz,454
906,193,1,oz,482
907,193,2,dash,585
908,193,,,142
909,194,4,pieces,1020
910,194,1-2,Tbsp,920
911,194,1,,1071
912,195,1,oz,100
913,195,1,,1101
914,195,1,dash,373
915,195,1,dash,680
916,195,1,dash,285
917,196,2,oz,100
918,196,.5,oz,351
919,196,.5,oz,440
920,196,.25,oz,504
921,197,1.5,oz,1013
922,197,.75,oz,497
923,197,.5,oz,950
924,197,1,oz,580
925,197,.5,,804
926,198,1.25,oz,609
927,198,1,oz,1011
928,198,1,oz,950
929,198,.75,oz,791
930,198,1,,864
931,199,1.5,oz,1201
932,199,.5,oz,609
933,199,.5,oz,1053
934,199,.75,oz,950
935,199,1,,864
936,200,1,oz,431
937,200,.5,oz,785
938,200,.25,oz,836
939,200,3,spoon,920
940,200,1,whole,1065
941,200,.5,oz,464
942,200,.5,oz,1140
943,201,1,oz,461
944,201,1,oz,785
945,201,.25,oz,977
946,201,.75,oz,855
947,201,2,dash,37
948,201,1,whole,1065
949,202,2,oz,12
950,202,.75,oz,538
951,202,.75,oz,5
952,202,1,,804
953,203,1.5,oz,431
954,203,.5,oz,159
955,203,.25,oz,1077
956,203,.25,oz,991
957,203,.5,oz,820
958,203,.25,oz,730
959,203,.5,oz,47
960,204,30,ml,100
961,204,15,ml,951
962,204,15,oz,450
963,204,1,whole,1065
964,204,,,477
965,205,40,ml,100
966,205,10,ml,971
967,205,10,ml,1003
968,205,10,ml,440
969,205,10,ml,768
970,205,25,ml,804
971,206,.5,oz,546
972,206,.5,oz,1146
973,206,.5,oz,1176
974,206,.5,oz,865
975,206,.5,oz,251
976,206,1,tsp,446
977,206,1,whole,1065
978,206,,,305
979,207,1.5,oz,100
980,207,2.5,oz,269
981,207,1,Tbsp,1057
982,207,1,dash,965
983,208,1,oz,250
984,208,1.25,oz,785
985,208,.5,oz,805
986,208,.5,oz,440
987,208,.5,oz,804
988,209,50,ml,785
989,209,4,,1054
990,209,25,ml,826
991,209,15,ml,60
992,209,25,ml,804
993,210,2,oz,1013
994,210,.75,oz,950
995,210,.75,oz,157
996,210,.5,oz,864
997,211,2,oz,167
998,211,.5,oz,977
999,211,.5,oz,538
1000,211,1,oz,1095
1001,211,.5,oz,737
1002,211,.5,oz,864
1003,212,1.5,oz,609
1004,212,8,oz,1106
1005,212,,,241
1006,212,,,633
1007,213,2,oz,280
1008,213,2,oz,782
1009,213,1,tsp,471
1010,213,1,,1020
1011,213,,,1212
1012,213,12,,1113
1013,213,,,243
1014,214,1,oz,280
1015,214,.75,oz,989
1016,214,.5,oz,371
1017,214,.75,oz,275
1018,215,1,oz,216
1019,215,1,oz,188
1020,215,.75,oz,275
1021,215,.5,oz,854
1022,215,.5,oz,48
1023,215,.5,oz,1151
1024,215,2,dash,791
1025,216,1,oz,399
1026,216,.25,oz,575
1027,216,6,oz,156
1028,217,2,oz,546
1029,217,.5,oz,92
1030,217,3,dash,791
1031,218,1.5,oz,839
1032,218,.5,oz,609
1033,218,.5,oz,155
1034,218,.5,oz,768
1035,218,.5,oz,202
1036,219,1.5,oz,1088
1037,219,.5,oz,785
1038,219,.5,oz,954
1039,219,3,dash,791
1040,219,,,142
1041,220,.5,oz,167
1042,220,.5,oz,946
1043,221,1,oz,792
1044,221,3,oz,1064
1045,221,1,oz,92
1046,221,1,oz,950
1047,222,1.5,oz,431
1048,222,.5,oz,1077
1049,222,.5,oz,868
1050,222,3,oz,321
1051,223,1.5,oz,167
1052,223,.75,oz,222
1053,223,.5,oz,286
1054,223,1,,319
1055,224,.75,oz,854
1056,224,.75,oz,250
1057,224,.75,oz,644
1058,224,2,oz,634
1059,224,2,oz,1035
1060,225,2,oz,12
1061,225,1,oz,1059
1062,225,1,oz,504
1063,225,.5,oz,804
1064,225,3,dash,373
1065,226,2,oz,280
1066,226,1,oz,1112
1067,226,.75,oz,144
1068,226,.5,oz,1059
1069,227,2,part,1049
1070,227,1,part,286
1071,227,.5,part,1129
1072,227,.5,part,953
1073,228,2,part,133
1074,228,.5,part,422
1075,228,.5,part,474
1076,228,.25,part,286
1077,228,.25,part,1129
1078,228,,,823
1079,229,1.5,oz,1135
1080,229,1.25,oz,287
1081,229,.5,oz,286
1082,229,.75,oz,95
1083,229,1,,864
1084,230,1.5,oz,100
1085,230,.75,oz,325
1086,230,1,oz,538
1087,231,1.5,oz,221
1088,231,.5,oz,822
1089,231,.75,oz,950
1090,231,1.5,oz,388
1091,232,1,oz,499
1092,232,1,bottle,489
1093,233,1,oz,983
1094,233,2.5,oz,221
1095,233,2,bsp,423
1096,233,2,bsp,650
1097,234,1.25,oz,461
1098,234,.75,oz,697
1099,234,2,oz,1125
1100,234,.75,oz,430
1101,234,3,dash,767
1102,235,1,pkg,0
1103,235,14,oz,1004
1104,235,1.5,c,58
1105,235,.5,c,304
1106,235,.3,c,785
1107,235,8,whole,895
1108,235,6,,169
1109,235,5,,824
1110,235,1,stick,0
1111,235,2,in,191
1112,236,2,oz,827
1113,236,.75,oz,946
1114,236,3,dash,973
1115,237,2,oz,1130
1116,237,1.75,oz,222
1117,237,1,oz,129
1118,237,1,oz,286
1119,237,.5,tsp,607
1120,237,10,dash,1177
1121,237,3,,161
1122,237,1,oz,252
1123,237,1,tsp,523
1124,238,1,oz,751
1125,238,.75,oz,901
1126,238,.75,oz,669
1127,238,2,Tbsp,316
1128,238,1,pinch,961
1129,239,2,oz,885
1130,239,.5,oz,1055
1131,239,.5,oz,826
1132,239,.5,oz,651
1133,239,1.5,oz,1093
1134,239,4,inch,79
1135,240,2,oz,839
1136,240,.5,oz,1145
1137,240,.75,oz,446
1138,240,.75,oz,942
1139,240,1,tincture,1170
1140,240,.75,oz,427
1141,240,1,,864
1142,241,1.5,oz,839
1143,241,.5,oz,231
1144,241,1,oz,288
1145,241,.75,oz,34
1146,241,1,tincture,244
1147,241,10,,621
1148,242,2,oz,839
1149,242,.75,oz,392
1150,242,.5,oz,223
1151,242,.5,oz,695
1152,242,2,oz,232
1153,243,1.5,oz,336
1154,243,1.5,oz,875
1155,243,.5,oz,134
1156,243,.25,oz,446
1157,243,.25,oz,493
1158,243,1,bsp,1195
1159,243,1,tincture,747
1160,244,2,oz,839
1161,244,.75,oz,1095
1162,244,.5,oz,1059
1163,244,.5,oz,1099
1164,245,1.5,oz,180
1165,245,.75,oz,33
1166,245,.5,oz,826
1167,245,1,oz,83
1168,245,1,tincture,204
1169,246,1,oz,839
1170,246,1,oz,773
1171,246,1.5,oz,778
1172,247,1.5,oz,526
1173,247,.75,oz,608
1174,247,2,oz,1140
1175,247,2,oz,1213
1176,248,1,oz,839
1177,248,2.5,oz,921
1178,248,2,oz,330
1179,249,1,oz,466
1180,249,.5,oz,854
1181,249,.33,oz,285
1182,249,.75,oz,440
1183,249,.5,oz,1062
1184,249,4,dash,373
1185,249,3,dash,1131
1186,250,25,ml,431
1187,250,25,ml,785
1188,250,12.5,ml,656
1189,250,150,ml,177
1190,251,1.5,oz,839
1191,251,.5,oz,989
1192,251,.5,oz,663
1193,251,.5,oz,826
1194,251,.5,oz,1162
1195,251,4-5,pc,952
1196,251,2,dashes,1123
1197,252,.75,oz,1011
1198,252,.75,oz,546
1199,252,.75,oz,653
1200,252,1,bsp,155
1201,252,2,dash,791
1202,252,2,dash,973
1203,253,1.5,oz,280
1204,253,.5,oz,231
1205,253,1,oz,186
1206,253,.5,oz,505
1207,253,1,dash,105
1208,254,2,oz,100
1209,254,2,dash,747
1210,254,.5,oz,222
1211,254,.5,oz,285
1212,255,50,ml,100
1213,255,50,ml,964
1214,255,.5,,1020
1215,255,,,1212
1216,255,1,,513
1217,255,1,,614
1218,256,1.75,oz,581
1219,256,.5,oz,627
1220,256,,,883
1221,256,3,dash,1086
1222,256,3,dash,667
1223,257,1,part,431
1224,257,1,part,785
1225,257,.5,part,656
1226,257,6,part,177
1227,258,1,oz,668
1228,258,.75,oz,511
1229,258,.5,oz,840
1230,258,.5,oz,950
1231,258,,,738
1232,258,,,922
1233,259,1.5,oz,668
1234,259,1,oz,583
1235,259,.25,oz,490
1236,259,.75,oz,950
1237,259,1,,118
1238,260,2,oz,431
1239,260,1,oz,826
1240,260,1,oz,504
1241,260,5,leaves,248
1242,261,1,oz,604
1243,261,.75,oz,854
1244,261,1,oz,797
1245,261,3,oz,798
1246,261,,,923
1247,261,2,sprigs,1094
1248,262,2.5,oz,1149
1249,262,.5,oz,1163
1250,262,4,dash,1014
1251,263,1.5,oz,945
1252,263,.25,oz,202
1253,263,3,,1126
1254,263,4,,196
1255,263,,,1107
1256,264,2,oz,448
1257,264,.5,oz,858
1258,264,.5,oz,563
1259,264,2,dash,1014
1260,265,1.5,oz,668
1261,265,.5,oz,229
1262,265,.5,oz,275
1263,265,.25,oz,845
1264,265,4,,981
1265,266,2,oz,479
1266,266,.5,oz,332
1267,266,.25,oz,262
1268,266,3,dash,1155
1269,267,1.5,oz,100
1270,267,1,oz,608
1271,267,1.5,oz,122
1272,267,.75,oz,504
1273,268,2,oz,581
1274,268,.25,oz,280
1275,268,.25,oz,371
1276,268,2,drops,866
1277,268,3,dash,667
1278,268,2,cubes,920
1279,269,1,oz,371
1280,269,3,oz,284
1281,269,.5,oz,187
1282,269,1,oz,950
1283,269,,,899
1284,270,2,oz,839
1285,270,1,oz,215
1286,270,.5,oz,566
1287,270,.5,oz,410
1288,270,.5,pc,654
1289,270,4-5,sprigs,415
1290,271,1.5,oz,839
1291,271,1,oz,732
1292,271,.5,oz,155
1293,271,.5,oz,440
1294,271,.25,oz,635
1295,271,1,bsp,356
1296,271,.5,bsp,247
1297,272,1,,679
1298,272,1,,576
1299,272,1,,932
1300,272,,,880
1301,272,3-4,,1098
1302,272,1,,1009
1303,272,1,,847
1304,272,.5-1,oz,230
1305,273,1.5,oz,785
1306,273,1,oz,436
1307,273,4,oz,447
1308,273,1,stick,309
1309,274,2,oz,167
1310,274,1,oz,275
1311,274,.5,oz,853
1312,274,.5,oz,1129
1313,275,1,oz,668
1314,275,1,oz,40
1315,275,1.5,oz,1121
1316,275,.5,oz,255
1317,275,.5,oz,1059
1318,275,3,dashes,373
1319,276,3,c,100
1320,276,3,c,304
1321,276,3,c,15
1322,276,3,c,8
1323,276,.25,c,450
1324,276,1,,636
1325,277,1,oz,668
1326,277,5,oz,755
1327,277,1,oz,704
1328,277,.5,oz,733
1329,277,2,dash,211
1330,277,2,dash,1008
1331,278,.75,oz,668
1332,278,.75,oz,546
1333,278,.75,oz,1174
1334,278,.75,oz,65
1335,278,2,dash,893
1336,278,2,dash,597
1337,278,,,483
1338,279,.5,oz,371
1339,279,.75,oz,854
1340,279,1,oz,231
1341,279,.25,oz,229
1342,279,1,oz,478
1343,279,3,oz,156
1344,280,1,oz,546
1345,280,.5,oz,304
1346,280,.75,oz,950
1347,280,.25,oz,6
1348,280,.5,oz,229
1349,280,1,dash,791
1350,281,1,oz,431
1351,281,1,oz,858
1352,281,1,oz,1057
1353,282,2,oz,526
1354,282,.75,oz,275
1355,282,.5,oz,168
1356,282,2,oz,500
1357,282,1,pinch,191
1358,283,1,part,668
1359,283,1,part,785
1360,283,1,part,971
1361,283,1,part,516
1362,284,37.5,oz,479
1363,284,6.25,oz,609
1364,284,12.5,oz,231
1365,284,12.5,oz,660
1366,284,6.25,oz,229
1367,284,37.5,oz,992
1368,285,1.5,oz,541
1369,285,1,oz,134
1370,285,.25,oz,302
1371,285,3,dash,1147
1372,285,3,dash,71
1373,286,.75,oz,398
1374,286,.75,oz,231
1375,286,1,dash,229
1376,286,1,,1058
1377,287,2,oz,250
1378,287,1,oz,854
1379,287,2,oz,924
1380,287,1,pinch,393
1381,287,1,scoop,657
1382,288,.75,oz,828
1383,288,.75,oz,983
1384,288,.75,oz,222
1385,288,.75,oz,286
1386,288,.25,oz,294
1387,289,2.5,oz,839
1388,289,.5,oz,718
1389,289,4,dash,754
1390,289,3,,629
1391,290,1.5,oz,100
1392,290,1,oz,538
1393,290,.75,oz,504
1394,290,2,,248
1395,290,,,243
1396,290,3,,338
1397,290,,,243
1398,291,2,oz,839
1399,291,.75,oz,231
1400,291,1,oz,360
1401,291,3,dash,1147
1402,291,5,,710
1403,291,16,whole,527
1404,292,2,oz,100
1405,292,1,oz,1059
1406,293,2,oz,785
1407,293,1,oz,538
1408,293,.5,oz,82
1409,293,2,oz,1035
1410,294,2,oz,1023
1411,294,.5,oz,218
1412,294,1,bsp,222
1413,294,1,,780
1414,294,1,dash,295
1415,294,1,dash,605
1416,295,2,oz,526
1417,295,3,,455
1418,295,4,,664
1419,295,.75,oz,275
1420,295,.5,oz,982
1421,295,.5,oz,868
1422,295,1,pinch,696
1423,296,2.5,oz,448
1424,296,.25,oz,468
1425,296,2,dash,1147
1426,296,5,dash,791
1427,296,1,disc,577
1428,296,1,disc,554
1429,296,1,slice,757
1430,297,2,oz,12
1431,297,.5,oz,229
1432,297,.5,oz,304
1433,297,.5,oz,554
1434,297,1,bsp,735
1435,297,4,dash,1048
1436,297,3,,620
1437,297,2,,606
1438,298,2,oz,226
1439,298,1,oz,342
1440,298,1,slice,66
1441,298,1,dash,742
1442,299,2,oz,226
1443,299,.5,oz,40
1444,299,3,dash,771
1445,300,1,oz,100
1446,300,.5,oz,868
1447,300,.5,oz,504
1448,300,.5,oz,440
1449,300,1,,614
1450,300,4,pieces,1141
1451,300,3,pieces,426
1452,301,1.5,oz,100
1453,301,.5,oz,504
1454,301,.5,oz,440
1455,301,.5,oz,1057
1456,301,1,,614
1457,301,4,pieces,914
1458,301,4,pieces,426
1459,302,1,oz,371
1460,302,.5,oz,452
1461,302,.75,oz,275
1462,302,3,,984
1463,302,1,oz,368
1464,303,1,oz,371
1465,303,.5,oz,452
1466,303,.75,oz,275
1467,303,3,,984
1468,304,1.5,oz,827
1469,304,.5,oz,345
1470,304,.75,oz,144
1471,304,.5,oz,440
1472,304,.5,oz,504
1473,304,4,pieces,693
1474,304,4,oz,1133
1475,305,2,oz,57
1476,305,.5,oz,326
1477,305,.5,oz,1045
1478,305,.25,oz,785
1479,306,1.5,oz,167
1480,306,1,oz,347
1481,306,.5,oz,286
1482,306,.5,oz,866
1483,306,,,324
1484,306,,,529
1485,307,.5,tsp,607
1486,307,1,,578
1487,307,2,oz,676
1488,307,.25,tsp,717
1489,307,.25,tsp,371
1490,307,5,dash,1177
1491,308,1,oz,275
1492,308,1,spg,114
1493,308,2,oz,1068
1494,308,1,oz,668
1495,309,1,oz,345
1496,309,1,oz,1049
1497,309,.5,oz,1085
1498,309,5,,192
1499,309,1,,311
1500,310,1.5,oz,431
1501,310,.75,oz,345
1502,310,.75,oz,644
1503,310,1,oz,1059
1504,310,.5,,671
1505,311,2,,192
1506,311,2,,721
1507,311,2,oz,314
1508,311,1,oz,785
1509,311,.75,oz,231
1510,311,.5,oz,229
1511,311,.5,oz,864
1512,311,.5,oz,498
1513,312,2.5,oz,461
1514,312,.5,oz,785
1515,312,3-4,dash,791
1516,312,,,146
1517,313,2,oz,668
1518,313,.5,oz,971
1519,313,.5,oz,685
1520,313,1,oz,275
1521,313,.5,oz,229
1522,313,3,,1089
1523,314,1.5,oz,668
1524,314,1,oz,365
1525,314,.75,oz,950
1526,314,.5,oz,536
1527,314,1,,329
1528,314,8,,817
1529,315,1.5,oz,431
1530,315,1,oz,785
1531,315,1,oz,768
1532,315,1,dash,504
1533,315,2,,338
1534,315,,,243
1535,315,2,,984
1536,315,,,243
1537,316,1.5,oz,1202
1538,316,1,oz,785
1539,316,.75,oz,554
1540,316,.5,oz,586
1541,316,.5,oz,804
1542,317,1.5,oz,9
1543,317,1,oz,46
1544,317,2,dash,597
1545,318,2,oz,546
1546,318,.5,oz,706
1547,318,.25,oz,371
1548,318,1,dash,791
1549,318,2,dash,870
1550,319,2,oz,133
1551,319,1,oz,903
1552,319,1,oz,1081
1553,319,.5,oz,351
1554,319,.5,oz,806
1555,319,1,handful,465
1556,319,2,dash,941
1557,320,1.5,oz,884
1558,320,.75,oz,670
1559,320,.5,oz,40
1560,320,5,dash,1086
1561,321,2,oz,668
1562,321,4,oz,1109
1563,321,3,cubes,1060
1564,322,1.5,oz,431
1565,322,0.5,oz,371
1566,322,0.5,oz,972
1567,322,.75,oz,826
1568,323,1,oz,785
1569,323,3,dash,597
1570,323,5,oz,368
1571,324,5,,272
1572,324,3,,789
1573,324,1.5,oz,12
1574,324,1,oz,645
1575,324,1,oz,440
1576,324,.5,oz,804
1577,325,2,oz,712
1578,325,.5,oz,854
1579,325,2,dash,1061
1580,325,,,146
1581,326,1.5,oz,609
1582,326,4,,928
1583,326,1,,1032
1584,326,.5,oz,60
1585,326,1,,209
1586,327,1.5,oz,167
1587,327,.75,oz,371
1588,327,1.5,oz,687
1589,327,,,1104
1590,327,,,812
1591,328,1.5,oz,463
1592,328,.75,oz,609
1593,328,.5,oz,1059
1594,328,4,oz,610
1595,328,3,oz,1133
1596,328,2,dash,1143
1597,329,1.25,oz,874
1598,329,.75,oz,222
1599,329,4,sprigs,41
1600,329,1,,117
1601,330,1,oz,1077
1602,330,1,oz,1057
1603,330,1,oz,858
1604,330,2,oz,779
1605,330,,,713
1606,331,1.5,oz,668
1607,331,.5,oz,440
1608,331,.75,oz,345
1609,331,.75,oz,251
1610,331,2,dash,597
1611,331,2,oz,779
1612,332,35,ml,785
1613,332,140,ml,763
1614,333,1,oz,785
1615,333,4,oz,763
1616,334,1.5,oz,1049
1617,334,3,oz,623
1618,334,1,splash,156
1619,334,1,,443
1620,335,1,oz,431
1621,335,1,oz,137
1622,335,.5,oz,222
1623,335,.5,oz,306
1624,335,2,dash,1143
1625,336,1.5,oz,345
1626,336,.75,oz,354
1627,336,3,oz,700
1628,336,,,569
1629,337,1.5,oz,795
1630,337,.5,oz,40
1631,337,.5,oz,1045
1632,337,7,dash,791
1633,338,1,oz,431
1634,338,1,oz,858
1635,338,1,oz,1057
1636,339,.75,oz,461
1637,339,.75,oz,858
1638,339,.75,oz,222
1639,339,.75,oz,304
1640,340,1,oz,983
1641,340,1.25,oz,828
1642,340,.25,oz,549
1643,340,1,dash,1086
1644,341,1.5,oz,609
1645,341,.5,oz,275
1646,341,,,564
1647,342,1.5,oz,234
1648,342,2-3,drops,400
1649,342,,,233
1650,343,1.5,oz,280
1651,343,.75,oz,1063
1652,343,.5,oz,1102
1653,343,1,oz,758
1654,343,.5,oz,1127
1655,343,.5,oz,286
1656,344,3,oz,763
1657,344,1,oz,546
1658,344,.33,oz,962
1659,344,1,tsp,950
1660,345,2,oz,461
1661,345,,,229
1662,345,5,,1113
1663,346,1.5,oz,1049
1664,346,1.5,oz,1223
1665,346,5,oz,8
1666,346,1,dash,295
1667,347,1.5,oz,285
1668,347,.5,oz,785
1669,347,2,oz,610
1670,347,1,wedge,440
1671,348,1.5,oz,431
1672,348,.75,oz,222
1673,348,.5,oz,844
1674,348,.25,oz,858
1675,348,1,dash,791
1676,349,1.5,oz,785
1677,349,,,524
1678,349,2,dash,791
1679,350,1.5,oz,431
1680,350,1,,67
1681,350,1,,362
1682,351,1.5,oz,431
1683,351,,,53
1684,351,.25,oz,706
1685,352,1.5,oz,461
1686,352,.75,oz,275
1687,352,.5,oz,977
1688,352,.5,oz,685
1689,352,.5,oz,15
1690,353,2.5,oz,461
1691,354,1.25,oz,526
1692,354,.5,oz,286
1693,354,,,411
1694,354,,,722
1695,355,2,oz,834
1696,356,1.5,oz,1200
1697,356,1,oz,950
1698,356,.25,oz,784
1699,356,.25,oz,1105
1700,356,,,821
1701,357,1.5,oz,642
1702,357,3,,638
1703,358,.75,oz,421
1704,358,.75,oz,235
1705,358,.75,oz,950
1706,358,3,,984
1707,358,,,1101
1708,359,3,oz,431
1709,359,1,tsp,26
1710,359,1,,556
1711,360,.75,oz,371
1712,360,.75,oz,1024
1713,360,.5,oz,826
1714,360,1,,278
1715,360,2,scoop,109
1716,361,1,oz,285
1717,361,.75,oz,371
1718,361,2,scoop,1167
1719,362,1.5,oz,479
1720,362,1,oz,40
1721,362,2,dash,597
1722,362,1,splash,779
1723,363,1.5,oz,437
1724,363,.75,oz,1105
1725,363,1,oz,950
1726,363,1,oz,235
1727,363,8,,639
1728,363,,,638
1729,364,2,oz,100
1730,364,2,oz,15
1731,364,1.5,oz,1121
1732,365,1.25,oz,479
1733,365,1.25,oz,222
1734,365,.5,oz,640
1735,365,1,oz,1
1736,366,1,,217
1737,366,10,,639
1738,366,.25,,1160
1739,366,1,oz,417
1740,366,.75,oz,950
1741,366,.75,oz,358
1742,367,1.5,oz,167
1743,367,.75,oz,886
1744,367,,,813
1745,367,1,,491
1746,368,1,oz,371
1747,368,1,oz,90
1748,368,.5,oz,251
1749,368,,,617
1750,368,,,567
1751,369,30,ml,371
1752,369,20,ml,78
1753,369,20,ml,222
1754,369,20,ml,1201
1755,369,2,dash,406
1756,370,2,part,133
1757,370,1,part,286
1758,370,1,part,130
1759,370,1,,1193
1760,370,2,dash,791
1761,371,1.5,oz,205
1762,371,1.5,oz,774
1763,371,3,oz,85
1764,371,1,Tbsp,920
1765,372,2.5,oz,304
1766,372,1.5,oz,85
1767,372,1-2,Tbsp,920
1768,373,1-2,Tbsp,920
1769,373,1,,1071
1770,373,,,513
1771,374,3,oz,860
1772,374,1,,256
1773,374,1,,1071
1774,374,1,Tbsp,920
1775,375,2,oz,839
1776,375,1,cube,333
1777,375,1,splash,78
1778,376,3,,196
1779,376,1.5,oz,839
1780,376,.75,oz,15
1781,376,.5,oz,229
1782,376,.5,oz,516
1783,376,.5,oz,376
1784,376,.5,oz,864
1785,376,1,dash,791
1786,377,1.5,oz,546
1787,377,.25,oz,371
1788,377,.5,tsp,360
1789,377,3,dash,973
1790,377,1,dash,791
1791,377,,,846
1792,378,1.5,oz,371
1793,378,1,strip,994
1794,378,1,dash,950
1795,378,,,1080
1796,379,,,1178
1797,379,1.5,oz,668
1798,379,1,oz,301
1799,379,.75,oz,971
1800,379,.25,oz,734
1801,379,1,pinch,247
1802,380,.75,oz,431
1803,380,.75,oz,9
1804,380,.75,oz,906
1805,380,.75,oz,950
1806,380,,,846
1807,381,0.5,oz,111
1808,381,2,oz,546
1809,381,3,dash,1014
1810,381,0.5,tsp,920
1811,382,50,ml,658
1812,382,20,ml,371
1813,382,5,ml,92
1814,382,5,ml,950
1815,382,1,dash,1033
1816,383,.75,oz,983
1817,383,1.5,oz,1210
1818,383,.5,oz,641
1819,383,1.5,oz,433
1820,383,2,dash,370
1821,384,.5,oz,285
1822,384,1.5,oz,345
1823,384,1,dash,373
1824,384,2,slices,238
1825,384,2,oz,55
1826,385,1.5,oz,431
1827,385,.75,oz,1151
1828,385,.75,oz,525
1829,385,.25,oz,275
1830,385,,,257
1831,386,2,oz,785
1832,386,5,oz,447
1833,386,5,oz,739
1834,387,2,oz,431
1835,387,.75,oz,950
1836,387,.25,oz,837
1837,387,1.5,oz,534
1838,387,2,dash,791
1839,388,1.5,oz,461
1840,388,.5,oz,950
1841,388,1,dash,229
1842,389,50,ml,785
1843,389,25,ml,871
1844,389,1,slice,783
1845,389,4,,1073
1846,390,2,oz,226
1847,390,.5,oz,355
1848,390,2,dash,602
1849,390,.25,oz,504
1850,391,1,oz,785
1851,391,1,oz,461
1852,392,1,,947
1853,392,1,oz,40
1854,392,1/2,oz,371
1855,392,1/4,oz,231
1856,393,1.5,oz,461
1857,393,.5,oz,222
1858,393,.25,oz,785
1859,393,1,dash,791
1860,394,1.5,oz,785
1861,394,3,oz,1109
1862,394,1,dash,791
1863,395,1.5,oz,431
1864,395,.5,oz,785
1865,395,1,oz,144
1866,395,.25,oz,202
1867,395,.25,oz,1059
1868,395,1,dash,925
1869,395,1,splash,1035
1870,396,1.5,oz,448
1871,396,.25,oz,841
1872,396,.25,oz,251
1873,396,.25,oz,229
1874,396,1,,329
1875,396,2,dash,406
1876,397,2,oz,167
1877,397,1.5,oz,286
1878,397,1,oz,866
1879,398,1,oz,123
1880,398,1,oz,1077
1881,398,.75,oz,231
1882,398,.25,oz,857
1883,399,1.5,oz,133
1884,399,.75,oz,1057
1885,399,.25,oz,371
1886,399,.75,oz,950
1887,399,1,dash,815
1888,400,2,oz,546
1889,400,1,oz,175
1890,400,.5,tsp,331
1891,400,.5,tsp,97
1892,401,2,oz,226
1893,401,1,oz,836
1894,401,.75,oz,906
1895,401,.75,oz,950
1896,401,.75,oz,15
1897,401,.75,oz,450
1898,402,1,oz,348
1899,402,.5,oz,512
1900,402,.5,oz,740
1901,402,.5,oz,890
1902,402,8,leaves,1113
1903,403,1.5,oz,668
1904,403,.5,oz,1174
1905,403,.75,oz,503
1906,403,.5,oz,950
1907,403,,,1168
1908,404,2,oz,834
1909,404,1,oz,175
1910,404,.75,oz,950
1911,404,.5,oz,166
1912,405,1.5,oz,668
1913,405,.75,oz,858
1914,405,.25,oz,697
1915,405,.25,oz,61
1916,405,4,,239
1917,405,3,dash,791
1918,406,1.5,oz,431
1919,406,.5,oz,785
1920,406,.5,oz,296
1921,406,.25,oz,440
1922,406,1,oz,908
1923,407,1.5,oz,100
1924,407,.5,oz,198
1925,407,.25,oz,194
1926,407,.25,oz,440
1927,407,.5,oz,346
1928,408,2,oz,280
1929,408,.5,oz,258
1930,408,.5,oz,275
1931,408,1,oz,616
1932,408,3,dash,124
1933,409,1,oz,668
1934,409,1,oz,706
1935,409,.5,oz,453
1936,409,.5,oz,172
1937,409,,,1107
1938,410,1,oz,668
1939,410,1,,998
1940,410,1/2,oz,231
1941,410,,,14
1942,411,1.5,oz,431
1943,411,.5,oz,371
1944,411,1,oz,872
1945,411,.25,oz,172
1946,411,1,dash,373
1947,412,1,oz,284
1948,412,1,oz,609
1949,412,1,splash,950
1950,412,1,splash,304
1951,413,1,oz,828
1952,413,.5,oz,630
1953,413,.5,oz,1057
1954,413,.75,oz,1006
1955,413,.5,oz,865
1956,414,1.5,oz,668
1957,414,1,oz,740
1958,414,.5,oz,684
1959,414,2,dash,406
1960,415,1.5,oz,431
1961,415,.5,oz,854
1962,415,.5,oz,231
1963,415,1,dash,373
1964,416,1.5,oz,431
1965,416,.5,oz,231
1966,416,.5,oz,127
1967,416,.25,oz,172
1968,416,1,dash,540
1969,417,2,oz,250
1970,417,.75,oz,231
1971,417,.5,oz,38
1972,417,.5,oz,574
1973,417,1.5,oz,487
1974,418,2,oz,250
1975,418,1,oz,950
1976,418,.75,oz,1203
1977,418,.5,oz,136
1978,419,1.5,oz,546
1979,419,.5,oz,345
1980,419,.5,oz,785
1981,419,.5,oz,231
1982,419,1,oz,456
1983,420,1.5,oz,431
1984,420,.75,oz,546
1985,420,.75,oz,345
1986,420,.5,oz,785
1987,420,.5,oz,286
1988,421,1.25,oz,726
1989,421,1,oz,854
1990,421,.25,tsp,1105
1991,421,1,Tbsp,275
1992,421,1,,864
1993,422,1.5,oz,431
1994,422,.75,oz,345
1995,422,.5,oz,397
1996,422,1,oz,1059
1997,422,4,,984
1998,423,.75,oz,371
1999,423,.75,oz,668
2000,423,.75,oz,977
2001,423,.75,oz,286
2002,424,1.5,oz,431
2003,424,.75,oz,345
2004,424,.75,oz,231
2005,424,.5,oz,864
2006,425,1.5,oz,1114
2007,425,.75,oz,1077
2008,425,.5,oz,609
2009,425,1,oz,1180
2010,425,.5,oz,804
2011,426,1.5,oz,479
2012,426,.75,oz,609
2013,426,.5,oz,785
2014,426,.75,oz,826
2015,426,.5,oz,804
2016,427,1.5,oz,1135
2017,427,.5,oz,668
2018,427,.75,oz,345
2019,427,.5,oz,440
2020,427,1,dash,1115
2021,428,1.5,oz,1135
2022,428,.5,oz,431
2023,428,.5,oz,371
2024,428,.5,oz,440
2025,428,2,dash,1191
2026,429,1.5,oz,604
2027,429,.75,oz,1077
2028,429,1,oz,1180
2029,429,.5,oz,1142
2030,429,.5,oz,804
2031,429,7,dash,59
2032,430,1.25,oz,668
2033,430,.5,oz,286
2034,430,.5,oz,1197
2035,430,.25,oz,172
2036,431,1,oz,668
2037,431,.5,oz,672
2038,431,.75,oz,184
2039,431,.75,oz,950
2040,431,.5,oz,97
2041,432,.5,oz,785
2042,432,.5,oz,560
2043,432,.5,oz,800
2044,432,.5,oz,849
2045,432,.5,oz,1151
2046,432,.5,oz,275
2047,432,2,dash,281
2048,432,2,oz,776
2049,433,20,ml,986
2050,433,15,ml,785
2051,433,20,ml,280
2052,433,20,ml,166
2053,433,15,ml,275
2054,433,4,,1113
2055,433,,,861
2056,434,50,ml,546
2057,434,25,ml,131
2058,434,25,ml,653
2059,435,1.5,oz,546
2060,435,.5,oz,517
2061,435,.25,oz,1152
2062,435,.25,oz,609
2063,435,.5,oz,950
2064,435,.25,oz,229
2065,436,1.5,oz,1145
2066,436,1,oz,619
2067,436,.5,oz,304
2068,436,.5,oz,950
2069,436,.75,oz,92
2070,436,2,dash,791
2071,437,2,oz,461
2072,437,.25,oz,446
2073,437,1,oz,1106
2074,437,.5,oz,369
2075,437,.5,oz,554
2076,437,2,dash,791
2077,437,2,oz,875
2078,438,1,oz,167
2079,438,1,oz,983
2080,438,.5,oz,708
2081,438,.5,oz,950
2082,438,,,879
2083,439,2,oz,1189
2084,439,.25,oz,151
2085,439,.75,oz,950
2086,439,.5,oz,716
2087,439,1,dash,791
2088,440,1,oz,775
2089,440,1,oz,371
2090,440,1,oz,583
2091,440,1,oz,950
2092,441,1,oz,785
2093,441,1,oz,46
2094,441,.5,oz,826
2095,441,.5,oz,269
2096,441,1,dash,438
2097,442,1.5,oz,250
2098,442,1,oz,1127
2099,442,.25,oz,229
2100,442,.25,oz,371
2101,442,1,dash,381
2102,443,45,ml,222
2103,443,15,ml,345
2104,443,20,ml,62
2105,444,1.5,oz,431
2106,444,.5,oz,533
2107,444,.75,oz,170
2108,444,,,1122
2109,444,,,1066
2110,445,2,oz,668
2111,445,1,oz,275
2112,445,.75,oz,977
2113,445,.75,oz,229
2114,446,1,oz,74
2115,446,1,oz,520
2116,446,.75,oz,136
2117,446,.75,oz,589
2118,446,.25,oz,609
2119,446,.75,oz,1020
2120,446,.5,oz,383
2121,447,1.5,oz,668
2122,447,1.5,oz,150
2123,447,.75,oz,275
2124,447,.25,oz,229
2125,447,1,dash,1134
2126,448,2,oz,12
2127,448,1.5,oz,673
2128,448,1,oz,834
2129,448,1,oz,939
2130,448,.75,oz,1156
2131,448,.75,oz,1059
2132,448,4,,476
2133,449,1.5,oz,448
2134,449,1,oz,1211
2135,449,.5,oz,464
2136,449,.5,oz,459
2137,449,1,dash,791
2138,449,1,tsp,1043
2139,450,2,oz,836
2140,450,.5,oz,740
2141,450,.25,oz,371
2142,450,.5,oz,538
2143,450,1,bsp,1222
2144,451,1.5,oz,431
2145,451,.5,oz,653
2146,451,1,oz,98
2147,451,.5,oz,229
2148,451,3,slices,994
2149,451,1,,678
2150,452,.5,oz,785
2151,452,1.5,oz,646
2152,452,.75,oz,440
2153,452,.5,oz,504
2154,453,.75,oz,834
2155,453,.5,oz,275
2156,453,1,oz,668
2157,453,.5,oz,450
2158,453,1,dash,791
2159,453,1,drop,401
2160,454,1.5,oz,221
2161,454,.75,oz,950
2162,454,.5,oz,772
2163,454,7,dash,790
2164,454,1,oz,1068
2165,454,1,pinch,247
2166,455,1,oz,1139
2167,455,.25,oz,371
2168,455,.5,oz,1020
2169,455,.5,oz,665
2170,455,1,dash,790
2171,455,3,oz,801
2172,456,.75,oz,448
2173,456,.75,oz,222
2174,456,.5,oz,1017
2175,456,.5,oz,467
2176,456,.5,oz,554
2177,456,3,oz,801
2178,457,1.5,part,100
2179,457,1/2,part,155
2180,457,1/4,part,876
2181,457,1/2,part,1020
2182,457,,,145
2183,458,1.5,oz,983
2184,458,.5,oz,685
2185,458,.5,oz,1020
2186,458,.5,oz,830
2187,458,2,oz,969
2188,459,1.25,oz,668
2189,459,.5,oz,172
2190,459,.5,oz,231
2191,459,,,948
2192,460,1,oz,40
2193,460,1,oz,609
2194,460,2,oz,126
2195,460,1,scoop,510
2196,461,2,oz,431
2197,461,.5,oz,371
2198,461,.5,oz,231
2199,461,.25,oz,972
2200,462,1,oz,807
2201,462,1,oz,431
2202,462,.5,oz,641
2203,462,.25,oz,583
2204,463,2,oz,546
2205,463,1,oz,231
2206,463,1,oz,674
2207,463,4,dash,1185
2208,464,1.5,oz,431
2209,464,1.5,oz,858
2210,464,2,dash,285
2211,465,1,oz,40
2212,465,1,oz,1169
2213,465,1,oz,615
2214,465,.5,oz,290
2215,466,.75,oz,285
2216,466,.34,oz,280
2217,466,1.5,oz,1137
2218,466,2,oz,270
2219,467,1.5,oz,40
2220,467,1,oz,231
2221,467,.25,oz,866
2222,467,1,dash,1198
2223,467,.5,oz,864
2224,468,1.5,oz,431
2225,468,.5,oz,222
2226,468,.25,oz,345
2227,468,.25,oz,285
2228,468,3,oz,15
2229,468,.5,oz,286
2230,468,2,dash,1143
2231,469,1.5,oz,479
2232,469,.75,oz,609
2233,469,.5,oz,785
2234,469,.75,oz,231
2235,469,.5,oz,864
2236,470,1,part,1190
2237,470,3,part,546
2238,471,1,oz,210
2239,471,1,oz,785
2240,471,.5,oz,231
2241,471,.5,oz,372
2242,472,.5,oz,222
2243,472,.25,oz,371
2244,472,.5,oz,579
2245,472,1.25,oz,761
2246,472,.25,oz,440
2247,472,.5,oz,872
2248,472,.25,oz,504
2249,472,2,dash,973
2250,473,1,oz,1097
2251,473,.5,oz,1181
2252,473,.5,oz,785
2253,473,2,oz,197
2254,473,,,934
2255,474,1.5,oz,1169
2256,474,1,oz,609
2257,474,1,oz,1142
2258,474,2,oz,611
2259,474,2,dash,1143
2260,474,1,,1108
2261,475,1.5,oz,137
2262,475,.75,oz,1077
2263,475,.25,oz,44
2264,475,1.5,oz,797
2265,475,2,oz,334
2266,476,1.5,oz,285
2267,476,.75,oz,533
2268,476,.75,oz,826
2269,476,4,oz,321
2270,477,1.5,oz,668
2271,477,.75,oz,231
2272,477,.25,oz,229
2273,477,.75,oz,1197
2274,477,.5,oz,868
2275,477,,,1079
2276,478,1.5,oz,499
2277,478,.75,oz,854
2278,478,.25,oz,371
2279,478,.5,oz,826
2280,478,1,Tbsp,967
2281,479,2,oz,431
2282,479,.5,oz,96
2283,479,.5,oz,291
2284,479,.5,oz,231
2285,480,.75,oz,1011
2286,480,.75,oz,977
2287,480,.75,oz,371
2288,480,.75,oz,231
2289,481,.75,oz,715
2290,481,.75,oz,977
2291,481,.75,oz,371
2292,481,.75,oz,286
2293,482,.75,oz,1023
2294,482,.75,oz,977
2295,482,.75,oz,371
2296,482,.75,oz,950
2297,483,2,oz,836
2298,483,.75,oz,785
2299,483,1,whole,1065
2300,484,.25,oz,222
2301,484,.5,oz,431
2302,484,.25,oz,1151
2303,484,1,,485
2304,485,2,oz,668
2305,485,.5,oz,345
2306,485,.5,oz,950
2307,485,1,,864
2308,486,1.5,oz,431
2309,486,.25,oz,950
2310,486,.25,oz,172
2311,486,.25,oz,972
2312,486,.25,oz,371
2313,487,1.5,oz,431
2314,487,.25,oz,950
2315,487,.25,oz,172
2316,487,.25,oz,222
2317,487,.25,oz,371
2318,488,2,oz,668
2319,488,6,dash,413
2320,488,3,dash,597
2321,488,1,dash,450
2322,488,1,,864
2323,489,1.5,oz,546
2324,489,1,oz,266
2325,489,.5,oz,286
2326,489,.5,oz,408
2327,489,,,794
2328,490,1.5,oz,51
2329,490,.5,oz,785
2330,490,.25,oz,286
2331,490,.25,oz,371
2332,490,1,bsp,0
2333,490,,,851
2334,491,1.5,oz,100
2335,491,.5,oz,831
2336,491,.5,oz,367
2337,491,.5,oz,1140
2338,491,5,dash,888
2339,492,1.5,oz,668
2340,492,1,oz,102
2341,492,.75,oz,185
2342,492,.5,oz,950
2343,492,,,469
2344,493,1.5,oz,431
2345,493,.5,oz,352
2346,493,.5,oz,19
2347,493,.5,oz,896
2348,493,.5,oz,440
2349,493,2,dashes,276
2350,494,1,oz,280
2351,494,1,oz,785
2352,494,.75,oz,486
2353,494,.75,oz,950
2354,495,1.5,oz,100
2355,495,.75,oz,286
2356,495,.5,oz,1127
2357,495,.5,oz,371
2358,496,2,oz,609
2359,496,1,oz,624
2360,496,.5,oz,366
2361,496,1,,0
2362,496,,,317
2363,497,2,oz,609
2364,497,1,oz,231
2365,497,.75,oz,229
2366,497,.5,oz,864
2367,498,.75,oz,619
2368,498,.75,oz,371
2369,498,.75,oz,1033
2370,498,.75,oz,275
2371,499,2,oz,723
2372,499,.25,oz,609
2373,499,1,tsp,854
2374,499,.75,oz,275
2375,499,.25,oz,92
2376,499,.25,oz,165
2377,500,1.5,oz,431
2378,500,.75,oz,504
2379,500,.75,oz,538
2380,501,1.5,oz,431
2381,501,.75,oz,9
2382,501,.75,oz,806
2383,501,.75,oz,231
2384,502,2.25,oz,431
2385,502,.75,oz,526
2386,502,.5,oz,9
2387,503,1.5,oz,139
2388,503,.5,oz,275
2389,503,1.5,oz,557
2390,503,2,dash,791
2391,503,1,,382
2392,504,2,oz,546
2393,504,.75,oz,440
2394,504,.5,oz,977
2395,504,.25,oz,504
2396,504,2,dash,373
2397,505,1.25,oz,1052
2398,505,.75,oz,950
2399,505,.5,oz,335
2400,505,.5,oz,785
2401,505,.5,oz,97
2402,505,1,,864
2403,506,1.5,oz,100
2404,506,.75,oz,504
2405,506,.75,oz,1140
2406,506,.5,oz,1045
2407,506,1,,1120
2408,507,.75,oz,100
2409,507,.75,oz,479
2410,507,.5,oz,791
2411,507,.75,oz,950
2412,507,.75,oz,229
2413,508,1,,409
2414,508,3/4,oz,173
2415,508,1/4,oz,222
2416,508,3/4,oz,950
2417,509,1.75,oz,546
2418,509,1,oz,1209
2419,509,.5,oz,950
2420,509,.25,oz,740
2421,509,.25,oz,1203
2422,510,1.5,oz,526
2423,510,.75,oz,785
2424,510,.5,oz,275
2425,510,.5,oz,34
2426,511,2,oz,546
2427,511,1,oz,950
2428,511,.75,oz,139
2429,511,.5,oz,371
2430,511,.5,oz,772
2431,511,1,bsp,285
2432,512,.75,oz,1190
2433,512,.75,oz,653
2434,512,.75,oz,546
2435,512,.375,oz,950
2436,512,.375,oz,275
2437,513,.75,oz,371
2438,513,.75,oz,909
2439,513,.75,oz,285
2440,513,.75,oz,275
2441,513,1,,257
2442,514,1.5,oz,785
2443,514,.75,oz,950
2444,514,.5,oz,285
2445,514,.25,oz,171
2446,515,2,oz,546
2447,515,1,oz,69
2448,515,.75,oz,950
2449,515,.5,oz,854
2450,515,3,dash,791
2451,516,1.5,oz,827
2452,516,1,oz,275
2453,516,.5,oz,546
2454,516,.5,oz,69
2455,516,.5,oz,136
2456,516,2,dash,862
2457,517,1.5,oz,250
2458,517,.75,oz,1203
2459,517,.75,oz,950
2460,517,3,dash,808
2461,518,1,oz,431
2462,518,1,oz,685
2463,518,.75,oz,100
2464,518,1,oz,1042
2465,518,1,oz,538
2466,518,3,dash,373
2467,519,1,oz,668
2468,519,1,oz,1037
2469,519,2,dash,93
2470,519,2,dash,533
2471,520,1,oz,280
2472,520,1,oz,1201
2473,520,.5,oz,554
2474,520,.5,oz,1164
2475,520,.5,oz,1138
2476,520,.5,oz,497
2477,520,4,dash,791
2478,521,2,oz,1023
2479,521,.75,oz,497
2480,521,.75,oz,222
2481,521,.5,oz,950
2482,521,10,drops,401
2483,522,2,oz,526
2484,522,.75,oz,275
2485,522,.5,oz,96
2486,522,.25,oz,371
2487,522,5,drops,545
2488,523,2,oz,546
2489,523,.5,oz,544
2490,523,.75,oz,950
2491,523,.5,oz,1138
2492,523,1,bsp,980
2493,523,2,dash,1005
2494,524,1.75,oz,668
2495,524,.75,oz,950
2496,524,.5,oz,1151
2497,524,.5,oz,9
2498,524,.25,oz,339
2499,524,.25,oz,18
2500,525,1,oz,612
2501,525,1,oz,371
2502,525,.5,oz,844
2503,525,.5,oz,950
2504,525,.5,oz,574
2505,526,1,oz,284
2506,526,1,oz,658
2507,526,1,oz,371
2508,526,.5,oz,559
2509,527,1.5,oz,138
2510,527,1,oz,371
2511,527,.5,oz,989
2512,527,.25,oz,275
2513,528,2,oz,425
2514,528,.75,oz,958
2515,528,.75,oz,950
2516,528,1,tsp,11
2517,529,2,oz,668
2518,529,1,bsp,694
2519,529,.5,oz,440
2520,529,1,oz,768
2521,529,.25,oz,504
2522,529,2,dash,276
2523,529,4,,162
2524,530,2,oz,280
2525,530,.75,oz,1020
2526,530,.75,oz,364
2527,530,.75,oz,229
2528,530,3-4,,1118
2529,530,3-4,,248
2530,530,1,pinch,247
2531,531,1.5,oz,1018
2532,531,.5,oz,609
2533,531,1,oz,286
2534,531,.25,oz,857
2535,532,1.5,oz,284
2536,532,.5,oz,609
2537,532,.75,oz,297
2538,532,.75,oz,275
2539,533,1,oz,1013
2540,533,1,oz,40
2541,533,.75,oz,396
2542,533,.75,oz,950
2543,534,2,oz,280
2544,534,.5,oz,231
2545,534,.5,oz,286
2546,534,.75,oz,866
2547,535,2,oz,431
2548,535,1,oz,768
2549,535,.25,oz,450
2550,535,1,dash,158
2551,536,1.25,oz,1204
2552,536,.5,oz,785
2553,536,1.25,oz,681
2554,537,1.5,oz,668
2555,537,1,oz,441
2556,537,.5,oz,625
2557,537,.5,oz,950
2558,537,.5,,864
2559,538,2,oz,686
2560,538,1,oz,264
2561,538,1,oz,774
2562,539,1.5,oz,307
2563,539,.5,oz,222
2564,539,.5,oz,492
2565,539,.5,oz,275
2566,540,1,oz,40
2567,540,1,oz,570
2568,540,.5,oz,565
2569,540,.5,oz,950
2570,540,.75,oz,50
2571,541,1,oz,100
2572,541,.5,oz,538
2573,541,.5,oz,202
2574,542,1,bottle,1070
2575,542,.3,bottle,785
2576,542,3,Tbsp,904
2577,542,2,,1119
2578,542,,,473
2579,542,1,,577
2580,542,,,1078
2581,542,1,stick,191
2582,542,1,dash,384
2583,542,1,,237
2584,543,1,oz,698
2585,543,1,oz,785
2586,543,.5,oz,624
2587,543,1,,349
2588,544,2,oz,100
2589,544,1,cube,58
2590,545,1,oz,983
2591,545,.75,oz,431
2592,545,1,bsp,714
2593,545,1.25,oz,933
2594,545,1,,273
2595,545,8,dash,1014
2596,546,40,ml,100
2597,546,40,ml,590
2598,546,,,346
2599,546,,,1033
2600,546,,,506
2601,547,1,oz,668
2602,547,.75,oz,889
2603,547,.75,oz,440
2604,547,.25,oz,1216
2605,547,.5,oz,504
2606,547,1,,804
2607,548,2,oz,108
2608,548,1,oz,950
2609,548,.25,oz,898
2610,548,.25,oz,371
2611,548,1,bsp,386
2612,549,.75,oz,983
2613,549,1.5,oz,619
2614,549,.5,oz,626
2615,549,1,dash,20
2616,550,1.5,oz,978
2617,550,.75,oz,442
2618,550,.75,oz,785
2619,550,.5,oz,1074
2620,551,750,ml,793
2621,551,5,sprigs,1090
2622,551,2,,816
2623,551,1,,236
2624,551,1,Tbsp,81
2625,552,1,oz,431
2626,552,1,oz,706
2627,552,1,oz,1057
2628,553,2,oz,280
2629,553,1,oz,394
2630,553,1,oz,971
2631,553,2,dash,705
2632,553,2,dash,597
2633,554,1,oz,668
2634,554,1,oz,12
2635,554,1,oz,39
2636,554,.25,oz,504
2637,554,,,87
2638,554,3,drops,174
2639,555,1.5,oz,983
2640,555,.5,oz,543
2641,555,1,bsp,854
2642,555,1,dash,838
2643,555,1.25,oz,359
2644,556,1.75,oz,195
2645,556,.75,oz,662
2646,556,.5,oz,785
2647,556,3,dash,70
2648,557,1,oz,546
2649,557,.5,oz,515
2650,557,.5,oz,1097
2651,557,1,bsp,149
2652,557,3,dash,973
2653,558,2,oz,448
2654,558,.75,oz,844
2655,558,.25,oz,40
2656,558,1,bsp,371
2657,558,1,dash,791
2658,559,1.5,oz,226
2659,559,.75,oz,834
2660,559,.25,oz,155
2661,559,1,dash,791
2662,560,2,oz,546
2663,560,.5,oz,112
2664,560,.25,oz,155
2665,560,.25,oz,490
2666,560,1,dash,111
2667,560,1,dash,973
2668,561,2,oz,546
2669,561,.75,oz,695
2670,561,.75,oz,282
2671,561,1,dash,160
2672,562,.5,oz,546
2673,562,.5,oz,1011
2674,562,.5,oz,1201
2675,562,.5,oz,131
2676,562,1,tsp,1163
2677,562,2,dash,791
2678,562,1,dash,1086
2679,563,1.5,oz,280
2680,563,.75,oz,72
2681,563,.75,oz,796
2682,563,2,dash,929
2683,564,2,oz,546
2684,564,1,oz,670
2685,564,1,dash,791
2686,564,3,drops,661
2687,565,2,oz,226
2688,565,1,dash,371
2689,565,1,dash,591
2690,566,1.5,oz,1013
2691,566,.5,oz,915
2692,566,.25,oz,132
2693,566,.25,oz,404
2694,566,1,dash,373
2695,567,.5,oz,377
2696,567,.5,oz,546
2697,567,1,oz,88
2698,567,1,oz,670
2699,567,,,7
2700,568,1.5,oz,546
2701,568,1,oz,1057
2702,568,.5,oz,1153
2703,569,2,oz,221
2704,569,.75,oz,301
2705,569,1,spoon,371
2706,569,1,dash,373
2707,569,2,dash,666
2708,570,1.5,oz,226
2709,570,.5,oz,744
2710,570,.5,oz,995
2711,570,15,dash,340
2712,571,1,oz,431
2713,571,1,oz,1001
2714,571,1,oz,854
2715,572,1.5,oz,1116
2716,572,.75,oz,337
2717,572,.75,oz,584
2718,572,3,dash,882
2719,573,2,oz,183
2720,573,1,oz,809
2721,573,2,dash,1014
2722,574,1.5,oz,832
2723,574,1,oz,692
2724,574,.5,oz,785
2725,574,3,dash,973
2726,575,1.5,oz,1013
2727,575,.75,oz,863
2728,575,.5,oz,935
2729,575,4,drops,1092
2730,576,1.5,oz,668
2731,576,.75,oz,844
2732,576,.75,oz,653
2733,576,1,dash,1008
2734,577,1.5,oz,167
2735,577,1,oz,537
2736,577,.5,oz,331
2737,577,3,dash,936
2738,578,1.5,oz,431
2739,578,1,oz,550
2740,578,.5,oz,834
2741,578,.5,oz,308
2742,579,2.25,oz,431
2743,579,.75,oz,977
2744,579,3,dash,276
2745,580,2,oz,226
2746,580,.5,oz,132
2747,580,2,dash,791
2748,581,1.5,oz,827
2749,581,.75,oz,40
2750,581,.75,oz,345
2751,582,1.5,oz,631
2752,582,.75,oz,40
2753,582,.75,oz,371
2754,583,1.5,oz,649
2755,583,.5,oz,371
2756,583,1,oz,695
2757,583,1,dash,597
2758,584,2,oz,448
2759,584,.5,oz,371
2760,584,.75,oz,736
2761,584,2,dash,401
2762,584,,,703
2763,585,1.5,oz,100
2764,585,.5,oz,226
2765,585,.5,oz,973
2766,585,.5,oz,371
2767,586,1.5,oz,546
2768,586,.75,oz,594
2769,586,.5,oz,228
2770,586,.25,oz,490
2771,586,2,dash,862
2772,587,1.5,oz,222
2773,587,6,oz,224
2774,588,2,oz,280
2775,588,.75,oz,394
2776,588,.75,oz,584
2777,588,2,dash,1014
2778,589,2,oz,280
2779,589,.75,oz,345
2780,589,.75,oz,40
2781,589,3,dash,1014
2782,590,30,ml,100
2783,590,15,ml,868
2784,590,15,ml,260
2785,590,2,dash,973
2786,591,2.5,oz,226
2787,591,.5,oz,202
2788,591,.5,oz,73
2789,591,,,106
2790,592,1.5,oz,221
2791,592,1,oz,517
2792,592,.5,oz,910
2793,593,2,oz,668
2794,593,1,oz,844
2795,593,1-2,dash,597
2796,594,4,oz,472
2797,594,1,oz,1087
2798,594,.5,oz,371
2799,594,4,dash,862
2800,594,1,bsp,40
2801,595,1.5,oz,668
2802,595,.75,oz,695
2803,595,.5,oz,518
2804,595,2,drops,91
2805,595,1,drop,532
2806,596,1,oz,854
2807,596,1.5,oz,827
2808,596,2,oz,987
2809,597,1,oz,1169
2810,597,1,oz,466
2811,597,.5,oz,854
2812,597,.5,oz,222
2813,597,2,dash,1143
2814,598,1,oz,854
2815,598,1,oz,1013
2816,598,1,oz,431
2817,599,2,oz,1013
2818,599,1,bsp,155
2819,599,1,bsp,977
2820,599,1,bsp,772
2821,599,2,dash,791
2822,600,1.5,oz,1046
2823,600,.75,oz,134
2824,600,.75,oz,785
2825,601,2,oz,839
2826,601,1,oz,175
2827,601,.25,oz,371
2828,601,6,dash,790
2829,602,1,oz,979
2830,602,1,oz,143
2831,602,.75,oz,526
2832,602,.25,oz,1203
2833,603,1.25,oz,422
2834,603,.75,oz,12
2835,603,.75,oz,147
2836,603,.25,oz,685
2837,604,.75,oz,668
2838,604,.75,oz,371
2839,604,.75,oz,973
2840,604,.75,oz,1045
2841,605,1.25,oz,1172
2842,605,1,oz,99
2843,605,.25,oz,414
2844,605,.5,oz,113
2845,606,1.5,oz,350
2846,606,1,oz,834
2847,606,.5,oz,1144
2848,606,3,dash,988
2849,607,1.5,oz,546
2850,607,1,oz,1145
2851,607,.5,oz,331
2852,607,3,dash,219
2853,608,1.5,oz,668
2854,608,1.5,oz,844
2855,608,.25,oz,371
2856,608,2,dash,597
2857,609,.25,oz,690
2858,609,2,oz,499
2859,609,.25,oz,240
2860,610,2,oz,1201
2861,610,.25,oz,30
2862,610,.25,oz,950
2863,610,1,bsp,345
2864,610,1,bsp,371
2865,610,3,dash,842
2866,611,1.5,oz,1067
2867,611,.75,oz,950
2868,611,.5,oz,280
2869,611,.5,oz,69
2870,611,2,oz,156
2871,612,2,oz,280
2872,612,.5,oz,148
2873,612,.5,oz,833
2874,613,2,oz,31
2875,613,.75,oz,868
2876,613,.5,oz,139
2877,613,5,dash,597
2878,614,1,oz,280
2879,614,.75,oz,858
2880,614,.5,oz,221
2881,614,.5,oz,9
2882,614,1,dash,292
2883,615,2,oz,378
2884,615,.5,oz,516
2885,615,.25,oz,371
2886,615,.25,oz,292
2887,616,2.25,oz,658
2888,616,2.25,oz,844
2889,616,.75,oz,854
2890,616,.75,oz,559
2891,617,.5,oz,609
2892,617,.5,oz,971
2893,617,.5,oz,844
2894,618,1.5,oz,448
2895,618,.75,oz,1016
2896,618,.75,oz,175
2897,618,.25,oz,592
2898,618,1,dash,791
2899,619,2,oz,926
2900,619,.25,oz,1047
2901,619,.25,oz,762
2902,619,.75,oz,1111
2903,619,1,tsp,769
2904,620,1.75,oz,668
2905,620,.75,oz,844
2906,620,.25,oz,677
2907,620,1,dash,1014
2908,621,1.5,oz,546
2909,621,.75,oz,558
2910,621,.75,oz,919
2911,621,2,dash,597
2912,622,1.5,oz,448
2913,622,.75,oz,1165
2914,622,.75,oz,312
2915,622,2,dash,938
2916,623,1.5,oz,431
2917,623,.5,oz,706
2918,623,.25,oz,574
2919,623,1,bsp,1021
2920,623,2,dash,791
2921,624,2,oz,448
2922,624,.75,oz,706
2923,624,.75,oz,40
2924,625,.75,oz,584
2925,625,.75,oz,431
2926,625,.75,oz,858
2927,626,2,oz,100
2928,626,.25,oz,504
2929,626,2,oz,700
2930,626,1,,315
2931,626,,,248
2932,626,1,whole,1020
2933,626,,,1212
2934,627,750,ml,793
2935,627,5,oz,902
2936,627,9,oz,34
2937,627,9,oz,989
2938,627,4,oz,470
2939,627,3,,237
2940,627,5,,824
2941,627,4,,169
2942,627,3,,727
2943,627,2,oz,1150
2944,628,1,oz,431
2945,628,1,oz,282
2946,628,.5,oz,139
2947,628,.5,oz,785
2948,628,.25,oz,949
2949,628,.5,oz,231
2950,628,,,1083
2951,629,1.5,oz,250
2952,629,.5,oz,475
2953,629,.5,oz,1059
2954,629,.5,oz,504
2955,630,1.5,oz,983
2956,630,1,oz,9
2957,630,.5,oz,668
2958,631,1,oz,1077
2959,631,1,oz,756
2960,632,2,oz,581
2961,632,1,tsp,1205
2962,632,4,drops,1028
2963,632,1,peel,481
2964,633,2,oz,546
2965,633,1,oz,806
2966,633,1,oz,777
2967,634,1,oz,839
2968,634,1,oz,916
2969,634,.5,oz,155
2970,634,1,tincture,791
2971,634,1,tincture,973
2972,634,1,pc,745
2973,634,1,pc,1069
2974,634,,,1034
2975,635,1.5,oz,460
2976,635,.5,oz,785
2977,635,.5,oz,339
2978,635,.25,oz,275
2979,635,,,568
2980,636,1,oz,785
2981,636,1,oz,461
2982,636,.75,oz,878
2983,636,.75,oz,950
2984,636,2,dash,791
2985,637,.5,oz,668
2986,637,.5,oz,1057
2987,637,.5,oz,653
2988,637,.5,oz,844
2989,637,1,scoop,494
2990,637,2,drops,54
2991,638,2,cups,1072
2992,638,6,packages,361
2993,638,1.25,cup,609
2994,638,.25,cup,1059
2995,638,.5,cup,152
2996,639,12,bottles,546
2997,639,4,bottles,854
2998,639,1,bottle,785
2999,639,1,bottle,868
3000,639,4,bottles,440
3001,640,2,oz,810
3002,640,.5,oz,27
3003,640,.5,oz,135
3004,640,2,dash,597
3005,640,2,dash,905
3006,641,2,oz,839
3007,641,2,oz,293
3008,641,1,,35
3009,641,1,,912
3010,641,1,,1091
3011,641,1,,1117
3012,641,1,,343
3013,641,1,,246
3014,641,1,,274
3015,641,1,,28
3016,641,1,,1038
3017,642,1,oz,609
3018,642,.25,oz,1075
3019,642,2,oz,100
3020,642,1,oz,431
3021,642,1,oz,45
3022,642,2,oz,1151
3023,642,2,oz,15
3024,643,2,oz,100
3025,643,1.5,oz,632
3026,643,,,23
3027,644,1.5,oz,836
3028,644,.5,oz,206
3029,644,.5,oz,222
3030,644,.5,oz,826
3031,644,.25,oz,1182
3032,644,1,,804
3033,644,4,dash,1179
3034,645,1,oz,431
3035,645,.5,oz,206
3036,645,.5,oz,609
3037,645,.5,oz,635
3038,645,.25,oz,1077
3039,645,1,dash,298
3040,645,1,whole,1065
3041,646,1.5,oz,226
3042,646,.5,oz,609
3043,646,.5,oz,1057
3044,646,.5,oz,285
3045,646,.25,oz,495
3046,646,,,917
3047,647,1.5,oz,868
3048,647,.5,oz,854
3049,647,.5,oz,533
3050,647,.75,oz,826
3051,647,4,dash,89
3052,647,1,,182
3053,647,6,,501
3054,648,1.5,oz,582
3055,648,.5,oz,668
3056,648,.75,oz,1151
3057,648,.5,oz,975
3058,648,.25,oz,1077
3059,648,1,dash,791
3060,649,1,oz,868
3061,649,.5,oz,854
3062,649,1,oz,743
3063,649,1,oz,595
3064,649,.75,oz,950
3065,649,.5,oz,668
3066,649,.5,oz,840
3067,649,15,microdrops,1005
3068,650,1.5,oz,167
3069,650,.5,oz,16
3070,651,,,461
3071,651,,,1012
3072,651,,,865
3073,651,,,464
3074,652,1.5,oz,461
3075,652,1,oz,997
3076,652,.75,oz,950
3077,652,.75,oz,1184
3078,652,,,263
3079,653,1,oz,785
3080,653,.5,oz,431
3081,653,.75,oz,728
3082,653,.25,oz,115
3083,653,3,oz,434
3084,654,2,oz,479
3085,654,1,oz,172
3086,654,1,dash,373
3087,655,1.5,oz,431
3088,655,.5,oz,844
3089,655,.5,oz,785
3090,655,.75,oz,1007
3091,655,.75,oz,897
3092,655,.5,oz,229
3093,655,,,196
3094,656,1.5,oz,100
3095,656,2,oz,304
3096,656,1,,110
3097,657,1.5,oz,839
3098,657,1,oz,332
3099,657,.5,oz,891
3100,657,2,oz,464
3101,657,3,dash,888
3102,658,1.5,oz,785
3103,658,.5,oz,643
3104,658,.5,oz,872
3105,658,.5,oz,440
3106,658,.5,oz,40
3107,658,1,dash,509
3108,659,2,oz,448
3109,659,.25,oz,1163
3110,659,1,dash,373
3111,660,1.5,oz,431
3112,660,1,oz,868
3113,660,.75,oz,858
3114,660,1,dash,1198
3115,660,1,pinch,1031
3116,661,1.5,oz,167
3117,661,.5,oz,854
3118,661,.75,oz,538
3119,661,1,oz,900
3120,661,.5,oz,504
3121,661,1,oz,911
3122,662,2,oz,431
3123,662,1,oz,504
3124,662,.75,oz,538
3125,662,4,leaves,248
3126,662,,,999
3127,663,.75,oz,546
3128,663,.75,oz,345
3129,663,.5,oz,440
3130,663,.25,oz,504
3131,663,1,oz,763
3132,664,1.5,oz,12
3133,664,.5,oz,222
3134,664,.25,oz,345
3135,664,.25,oz,155
3136,664,2,oz,1095
3137,664,.5,oz,538
3138,664,.25,oz,450
3139,665,1.5,oz,827
3140,665,.5,oz,868
3141,665,3,oz,1109
3142,666,.75,oz,461
3143,666,.75,oz,222
3144,666,.75,oz,516
3145,666,.75,oz,957
3146,667,4,oz,1041
3147,667,1,oz,345
3148,667,4,oz,1106
3149,667,2,oz,134
3150,667,1,oz,1019
3151,667,,,1147
3152,667,,,791
3153,668,1.5,oz,431
3154,668,,,53
3155,669,1,,724
3156,669,1,cup,429
3157,669,5,Tbsp,1173
3158,669,1,tsp,268
3159,670,1.5,oz,827
3160,670,.5,oz,1010
3161,670,.5,oz,345
3162,670,.5,oz,1020
3163,670,.5,oz,481
3164,670,,,263
3165,671,1,oz,226
3166,671,1,oz,1138
3167,671,1,oz,444
3168,671,1,tsp,929
3169,672,2,oz,280
3170,672,1,oz,345
3171,672,1,oz,691
3172,673,2,oz,167
3173,673,6,oz,764
3174,673,.5,oz,275
3175,674,2,oz,280
3176,674,1,oz,412
3177,674,.5,oz,866
3178,674,.5,oz,345
3179,674,3,dash,528
3180,675,2,oz,448
3181,675,2,tsp,328
3182,675,.125,tsp,22
3183,676,1.5,oz,280
3184,676,.5,oz,977
3185,676,.25,oz,971
3186,676,2,dash,1147
3187,677,2,oz,631
3188,677,.5,oz,688
3189,677,.5,oz,420
3190,677,.5,oz,453
3191,678,1,oz,668
3192,678,.75,oz,785
3193,678,3,oz,1127
3194,678,.5,oz,229
3195,678,.25,oz,231
3196,678,1,oz,156
3197,679,1,oz,668
3198,679,.5,oz,966
3199,679,.5,oz,178
3200,679,1,dash,229
3201,679,.5,oz,1151
3202,679,.5,oz,950
3203,679,4,oz,21
3204,680,1.5,oz,531
3205,680,.75,oz,950
3206,680,.75,oz,707
3207,680,.5,oz,711
3208,680,.5,oz,1057
3209,681,1.5,oz,389
3210,681,.75,oz,1057
3211,681,.75,oz,125
3212,681,.25,oz,371
3213,682,1.5,oz,983
3214,682,.75,oz,653
3215,682,1.5,oz,668
3216,683,1.5,oz,546
3217,683,.5,oz,120
3218,683,1,tsp,956
3219,683,1,tsp,484
3220,683,1,tsp,1015
3221,683,1,dash,163
3222,684,1,oz,983
3223,684,1,oz,873
3224,684,.25,oz,583
3225,684,.75,oz,950
3226,684,.5,oz,97
3227,684,,,794
3228,685,2,oz,1011
3229,685,5,oz,1045
3230,685,.5,oz,371
3231,686,.75,oz,371
3232,686,.75,oz,977
3233,686,.5,oz,445
