iClassificationId,ingredientId,ingredientTypeId
0,0,28
1,1,22
2,2,0
3,3,5
4,4,30
5,5,22
6,6,0
7,7,34
8,8,3
9,9,16
10,11,39
11,12,0
12,13,0
13,14,16
14,15,32
15,16,39
16,17,3
17,19,0
18,20,24
19,21,2
20,22,19
21,23,39
22,24,16
23,25,16
24,26,16
25,27,30
26,28,22
27,29,10
28,30,0
29,31,24
30,32,15
31,33,5
32,34,33
33,35,0
34,36,34
35,37,0
36,38,21
37,39,18
38,40,10
39,41,0
40,42,22
41,43,12
42,44,17
43,45,2
44,46,2
45,47,0
46,48,37
47,49,10
48,50,5
49,51,22
50,52,38
51,53,10
52,54,30
53,55,19
54,56,0
55,57,22
56,58,16
57,59,28
58,60,2
59,61,16
60,62,5
61,63,30
62,64,0
63,65,34
64,66,10
65,67,0
66,68,5
67,69,2
68,70,34
69,71,10
70,72,0
71,73,5
72,74,30
73,75,0
74,76,0
75,77,2
76,78,2
77,79,30
78,80,34
79,81,0
80,82,16
81,83,36
82,84,36
83,85,36
84,86,16
85,87,10
86,88,17
87,89,0
88,90,22
89,91,16
90,92,10
91,93,34
92,94,0
93,95,30
94,96,3
95,97,0
96,98,22
97,99,16
98,101,10
99,102,16
100,103,32
101,104,0
102,105,36
103,106,2
104,107,23
105,108,0
106,109,0
107,110,16
108,111,30
109,112,0
110,113,10
111,114,22
112,115,4
113,116,36
114,117,2
115,118,0
116,119,22
117,120,34
118,121,10
119,122,34
120,123,12
121,124,33
122,125,10
123,126,22
124,127,16
125,128,32
126,129,3
127,130,2
128,131,16
129,132,2
130,133,0
131,134,0
132,135,22
133,136,13
134,137,16
135,138,3
136,139,36
137,140,16
138,141,19
139,142,17
140,144,34
141,145,0
142,146,0
143,147,30
144,148,10
145,149,2
146,150,16
147,151,2
148,152,33
149,153,0
150,154,0
151,155,21
152,156,16
153,157,30
154,158,18
155,159,15
156,160,0
157,161,22
158,162,16
159,163,16
160,164,10
161,165,0
162,166,22
163,167,2
164,168,34
165,169,38
166,170,25
167,171,30
168,172,10
169,173,16
170,174,0
171,175,21
172,176,22
173,177,32
174,178,10
175,179,34
176,180,0
177,181,16
178,182,16
179,183,39
180,184,0
181,185,0
182,186,22
183,187,2
184,188,38
185,189,34
186,190,22
187,191,30
188,192,2
189,193,10
190,194,33
191,195,10
192,196,16
193,197,30
194,198,34
195,199,34
196,200,30
197,201,3
198,203,2
199,204,30
200,206,2
201,207,33
202,208,2
203,209,22
204,210,16
205,211,24
206,212,36
207,213,0
208,214,34
209,215,2
210,216,24
211,217,28
212,218,2
213,219,2
214,220,0
215,221,17
216,222,16
217,223,0
218,224,22
219,225,21
220,226,17
221,227,32
222,228,2
223,229,16
224,230,16
225,231,36
226,232,16
227,233,12
228,234,36
229,235,0
230,236,22
231,237,5
232,238,32
233,239,30
234,240,0
235,241,2
236,242,2
237,243,5
238,244,2
239,245,2
240,246,32
241,247,0
242,248,30
243,249,10
244,250,0
245,251,22
246,252,5
247,253,32
248,254,0
249,255,12
250,256,5
251,257,22
252,258,2
253,259,6
254,260,30
255,261,5
256,263,3
257,264,0
258,265,16
259,266,12
260,267,38
261,268,37
262,269,38
263,270,3
264,271,2
265,272,0
266,273,5
267,274,17
268,275,30
269,276,3
270,277,16
271,278,5
272,279,34
273,280,37
274,281,17
275,282,12
276,283,0
277,284,22
278,285,23
279,286,15
280,287,10
281,288,10
282,289,18
283,290,0
284,291,12
285,292,34
286,293,3
287,294,11
288,296,39
289,297,3
290,298,16
291,299,23
292,300,23
293,301,3
294,302,34
295,303,3
296,304,2
297,305,38
298,306,22
299,307,0
300,308,5
301,309,33
302,310,10
303,311,22
304,312,25
305,313,16
306,314,36
307,315,37
308,317,36
309,318,11
310,319,0
311,320,6
312,321,22
313,322,16
314,323,30
315,324,10
316,325,0
317,326,5
318,327,5
319,328,30
320,329,3
321,330,3
322,331,16
323,332,24
324,333,16
325,334,30
326,335,3
327,336,2
328,337,16
329,338,36
330,339,11
331,340,0
332,341,23
333,342,2
334,343,10
335,344,0
336,345,22
337,346,5
338,347,5
339,348,30
340,349,34
341,350,16
342,351,0
343,352,11
344,353,36
345,354,10
346,355,0
347,356,22
348,357,37
349,358,16
350,359,3
351,360,30
352,361,3
353,362,10
354,363,34
355,364,0
356,365,36
357,366,22
358,367,5
359,368,0
360,369,12
361,370,33
362,371,34
363,372,6
364,373,34
365,374,5
366,375,16
367,376,30
368,377,38
369,378,16
370,379,6
371,380,39
372,381,10
373,382,0
374,383,22
375,384,16
376,385,12
377,386,17
378,387,0
379,388,2
380,389,16
381,390,33
382,391,16
383,392,35
384,393,2
385,394,16
386,395,10
387,396,34
388,397,0
389,398,22
390,399,10
391,400,16
392,401,36
393,402,0
394,403,5
395,404,32
396,405,3
397,406,16
398,407,22
399,408,32
400,409,22
401,410,5
402,411,16
403,412,33
404,414,5
405,415,2
406,416,0
407,417,5
408,418,2
409,419,37
410,420,5
411,421,16
412,422,39
413,423,5
414,424,2
415,425,22
416,426,38
417,427,5
418,428,30
419,429,2
420,430,3
421,431,33
422,432,10
423,433,0
424,434,0
425,435,5
426,436,16
427,437,17
428,438,30
429,439,0
430,440,38
431,441,16
432,442,28
433,443,10
434,444,0
435,445,12
436,446,22
437,447,33
438,448,16
439,449,10
440,450,5
441,451,36
442,452,2
443,453,2
444,454,0
445,455,0
446,456,17
447,457,10
448,458,38
449,459,0
450,460,0
451,461,38
452,462,21
453,463,31
454,464,2
455,465,11
456,466,16
457,467,17
458,468,3
459,469,10
460,470,23
461,471,2
462,472,31
463,473,10
464,474,0
465,475,22
466,476,21
467,477,12
468,478,16
469,479,30
470,480,2
471,481,16
472,482,10
473,483,30
474,484,30
475,485,22
476,486,16
477,487,16
478,488,5
479,489,3
480,490,0
481,491,30
482,494,5
483,495,15
484,496,6
485,497,2
486,498,0
487,499,0
488,500,3
489,501,30
490,502,10
491,503,0
492,504,0
493,505,5
494,506,10
495,507,10
496,508,0
497,509,22
498,510,21
499,511,5
500,512,17
501,513,10
502,514,24
503,515,3
504,516,33
505,517,10
506,519,5
507,520,0
508,521,21
509,522,16
510,523,18
511,524,34
512,526,0
513,527,10
514,528,36
515,529,0
516,530,5
517,531,5
518,532,16
519,533,18
520,534,34
521,535,3
522,536,3
523,537,10
524,538,18
525,539,5
526,540,3
527,541,0
528,542,16
529,543,2
530,544,18
531,545,10
532,546,2
533,548,30
534,549,3
535,550,12
536,551,2
537,552,24
538,553,16
539,554,32
540,555,3
541,556,16
542,557,16
543,558,30
544,559,34
545,560,22
546,561,16
547,562,24
548,563,30
549,564,3
550,565,15
551,566,33
552,567,17
553,569,16
554,571,33
555,572,3
556,573,22
557,574,0
558,575,30
559,576,34
560,578,3
561,579,34
562,580,0
563,581,22
564,582,10
565,583,18
566,584,0
567,585,34
568,586,22
569,587,16
570,588,10
571,589,2
572,590,0
573,591,23
574,592,5
575,593,16
576,594,28
577,595,34
578,596,6
579,597,16
580,598,34
581,599,3
582,600,38
583,601,0
584,602,10
585,603,3
586,604,36
587,605,15
588,606,10
589,607,30
590,608,0
591,609,34
592,610,0
593,611,22
594,612,21
595,613,12
596,614,18
597,616,34
598,617,0
599,618,22
600,619,3
601,620,0
602,621,0
603,622,22
604,623,23
605,624,21
606,626,22
607,627,17
608,628,16
609,629,34
610,630,2
611,631,2
612,632,34
613,633,0
614,634,36
615,635,0
616,636,5
617,637,34
618,638,3
619,639,6
620,641,29
621,643,34
622,644,34
623,645,5
624,647,16
625,648,30
626,649,16
627,650,2
628,651,16
629,652,39
630,653,22
631,655,15
632,656,0
633,657,10
634,658,10
635,659,34
636,660,22
637,661,15
638,662,16
639,663,0
640,664,22
641,665,21
642,666,16
643,667,33
644,668,16
645,669,3
646,670,16
647,671,30
648,672,2
649,673,10
650,674,22
651,675,0
652,676,0
653,677,5
654,678,18
655,679,27
656,680,3
657,681,32
658,682,3
659,683,2
660,684,16
661,685,18
662,686,30
663,687,2
664,688,18
665,689,22
666,690,16
667,691,16
668,692,16
669,693,39
670,694,2
671,695,3
672,696,30
673,697,23
674,698,0
675,699,34
676,700,32
677,701,33
678,702,34
679,703,0
680,704,25
681,705,16
682,706,30
683,707,3
684,708,0
685,709,0
686,711,32
687,712,30
688,714,22
689,715,21
690,716,39
691,717,20
692,719,0
693,720,0
694,721,22
695,722,18
696,723,39
697,724,3
698,725,2
699,726,16
700,727,16
701,728,18
702,730,0
703,731,22
704,732,16
705,733,30
706,734,16
707,735,22
708,736,5
709,737,0
710,738,3
711,739,10
712,740,37
713,741,10
714,742,0
715,743,23
716,744,16
717,745,33
718,746,10
719,747,10
720,748,0
721,749,22
722,750,30
723,751,16
724,752,23
725,753,16
726,754,16
727,755,33
728,756,0
729,757,0
730,758,10
731,759,30
732,760,2
733,761,34
734,762,0
735,763,16
736,764,13
737,765,17
738,766,10
739,767,16
740,768,18
741,769,10
742,770,0
743,771,12
744,772,18
745,774,0
746,775,16
747,776,12
748,777,18
749,778,10
750,779,12
751,780,0
752,781,22
753,782,21
754,783,16
755,784,17
756,786,5
757,787,35
758,788,31
759,789,10
760,790,34
761,791,16
762,792,33
763,793,10
764,794,16
765,795,16
766,796,30
767,797,23
768,798,5
769,799,16
770,800,30
771,801,2
772,802,0
773,803,25
774,804,0
775,805,30
776,806,10
777,807,2
778,808,16
779,809,30
780,811,10
781,812,16
782,813,15
783,814,30
784,815,30
785,816,11
786,817,12
787,818,22
788,820,16
789,821,32
790,822,3
791,823,0
792,824,38
793,825,30
794,826,0
795,827,10
796,828,22
797,829,30
798,831,2
799,832,0
800,833,22
801,834,10
802,835,32
803,836,3
804,837,2
805,838,30
806,839,3
807,840,16
808,841,16
809,842,30
810,845,16
811,846,16
812,847,3
813,848,37
814,849,16
815,851,39
816,852,37
817,853,16
818,854,2
819,855,30
820,856,5
821,857,23
822,858,29
823,859,5
824,860,16
825,861,30
826,862,5
827,863,0
828,864,36
829,865,2
830,866,10
831,867,0
832,868,22
833,869,32
834,870,16
835,871,33
836,872,24
837,873,9
838,874,38
839,875,36
840,876,2
841,877,0
842,878,2
843,879,22
844,880,30
845,881,10
846,882,34
847,883,0
848,884,18
849,885,34
850,886,5
851,887,16
852,888,30
853,889,10
854,890,0
855,891,13
856,892,34
857,893,36
858,894,5
859,895,0
860,896,36
861,897,12
862,898,0
863,899,10
864,900,10
865,901,2
866,902,0
867,903,18
868,904,10
869,905,0
870,906,22
871,907,16
872,908,5
873,909,0
874,910,25
875,912,36
876,913,37
877,914,16
878,915,16
879,916,16
880,917,36
881,918,34
882,919,0
883,920,22
884,921,3
885,922,38
886,923,0
887,924,15
888,925,21
889,926,2
890,927,32
891,928,0
892,929,16
893,930,21
894,931,33
895,932,2
896,933,25
897,934,0
898,935,21
899,936,30
900,937,10
901,938,36
902,939,25
903,940,21
904,941,38
905,942,38
906,943,33
907,944,10
908,945,2
909,946,12
910,947,16
911,948,21
912,949,39
913,950,0
914,951,22
915,952,21
916,953,30
917,954,3
918,955,0
919,956,10
920,957,0
921,958,27
922,959,21
923,960,36
924,961,2
925,962,22
926,963,21
927,964,6
928,965,36
929,966,2
930,967,22
931,968,0
932,969,0
933,970,21
934,971,17
935,972,36
936,973,36
937,974,22
938,975,38
939,976,6
940,977,21
941,978,3
942,979,36
943,980,0
944,981,16
945,982,38
946,983,39
947,984,10
948,985,34
949,986,0
950,987,21
951,988,10
952,989,6
953,990,0
954,991,22
955,992,21
956,993,3
957,994,0
958,996,21
959,997,3
960,998,2
961,999,0
962,1000,0
963,1001,22
964,1002,21
965,1003,2
966,1004,12
967,1005,38
968,1006,6
969,1007,28
970,1008,10
971,1009,34
972,1010,0
973,1011,27
974,1012,10
975,1014,28
976,1015,16
977,1016,2
978,1017,0
979,1018,36
980,1019,36
981,1020,0
982,1021,34
983,1022,25
984,1023,34
985,1024,16
986,1025,22
987,1026,0
988,1027,5
989,1028,17
990,1029,29
991,1030,16
992,1031,18
993,1032,2
994,1033,2
995,1034,0
996,1035,22
997,1037,10
998,1038,22
999,1039,16
1000,1040,5
1001,1041,3
1002,1042,22
1003,1043,33
1004,1044,16
1005,1045,29
1006,1046,0
1007,1047,30
1008,1048,0
1009,1049,2
1010,1050,5
1011,1051,3
1012,1052,34
1013,1053,0
1014,1054,5
1015,1055,34
1016,1056,39
1017,1057,10
1018,1058,3
1019,1059,5
1020,1060,39
1021,1061,0
1022,1062,22
1023,1063,21
1024,1064,16
1025,1065,28
1026,1066,22
1027,1067,34
1028,1068,0
1029,1069,2
1030,1070,0
1031,1071,34
1032,1072,2
1033,1073,2
1034,1075,22
1035,1076,0
1036,1077,34
1037,1078,3
1038,1079,39
1039,1080,34
1040,1081,0
1041,1082,5
1042,1083,21
1043,1084,36
1044,1085,22
1045,1086,0
1046,1087,30
1047,1088,22
1048,1089,0
1049,1090,5
1050,1091,30
1051,1093,16
1052,1094,30
1053,1095,0
1054,1096,22
1055,1097,33
1056,1099,12
1057,1100,6
1058,1101,16
1059,1103,34
1060,1104,25
1061,1105,0
1062,1106,10
1063,1107,6
1064,1108,34
1065,1109,6
1066,1111,6
1067,1112,20
1068,1113,22
1069,1114,16
1070,1115,36
1071,1116,34
1072,1117,23
1073,1118,0
1074,1119,25
1075,1120,16
1076,1121,34
1077,1122,36
1078,1123,18
1079,1124,18
1080,1126,22
1081,1127,38
1082,1128,35
1083,1129,18
1084,1130,16
1085,1131,0
1086,1132,22
1087,1133,12
1088,1134,4
1089,1135,18
1090,1136,3
1091,1137,6
1092,1138,25
1093,1139,16
1094,1140,6
1095,1141,21
1096,1142,18
1097,1143,0
1098,1144,34
1099,1145,34
1100,1146,16
1101,1147,34
1102,1148,18
1103,1149,27
1104,1150,22
1105,1151,10
1106,1152,12
1107,1153,32
1108,1154,12
1109,1155,2
1110,1156,6
1111,1157,22
1112,1158,34
1113,1159,16
1114,1160,18
1115,1161,0
1116,1162,0
1117,1163,0
1118,1164,18
1119,1165,23
1120,1166,0
1121,1167,12
1122,1168,16
1123,1169,18
1124,1170,0
1125,1171,37
1126,1172,18
1127,1173,2
1128,1174,38
1129,1175,5
1130,1176,18
1131,1177,34
1132,1178,5
1133,1179,32
1134,1180,34
1135,1181,16
1136,1182,0
1137,1183,38
1138,1184,16
1139,1185,16
1140,1186,30
1141,1187,10
1142,1188,3
1143,1189,0
1144,1190,18
1145,1191,16
1146,1192,22
1147,1193,0
1148,1194,4
1149,1195,10
1150,1196,15
1151,1197,32
1152,1198,17
1153,1199,10
1154,1200,2
1155,1201,16
1156,1202,16
1157,1203,28
1158,1204,0
1159,1205,12
1160,1206,22
1161,1207,16
1162,1208,36
1163,1209,16
1164,1210,34
1165,1211,16
1166,1212,36
1167,1213,27
1168,1214,0
1169,1215,27
1170,1216,34
1171,1217,32
1172,1218,20
1173,1219,22
1174,1221,5
1175,1222,5
1176,1223,30
1177,1224,10
1178,1225,3
1179,1226,0
1180,1227,30
1181,1228,22
1182,1229,38
1183,1230,0
1184,1231,21
1185,1232,13
1186,1233,30
1187,1235,2
1188,1236,0
1189,1237,34
1190,1238,30
1191,1239,0
1192,1240,22
1193,1241,10
1194,1242,18
1195,1243,34
1196,1244,19
1197,1245,37
1198,1246,34
1199,1247,10
1200,1248,32
1201,1249,25
1202,1250,16
1203,1251,36
1204,1252,22
1205,1253,0
1206,1254,10
1207,1255,12
1208,1256,33
1209,1257,10
1210,1258,3
1211,1259,16
1212,1260,30
1213,1261,22
1214,1262,0
1215,1263,22
1216,1264,10
1217,1265,33
1218,1266,38
1219,1267,0
1220,1268,16
1221,1269,36
1222,1270,2
1223,1271,38
1224,1272,22
1225,1273,20
1226,1274,28
1227,1275,2
1228,1276,22
1229,1277,5
1230,1278,25
1231,1279,2
1232,1280,18
1233,1281,22
1234,1282,0
1235,1283,5
1236,1284,18
1237,1285,3
1238,1286,27
1239,1287,5
1240,1288,13
1241,1289,10
1242,1290,18
1243,1291,27
1244,1292,2
1245,1293,0
1246,1294,22
1247,1295,6
1248,1297,15
1249,1298,15
1250,1299,34
1251,1301,15
1252,1302,15
1253,1303,10
1254,1305,10
1255,1306,12
1256,1307,12
1257,1308,6
1258,1309,3
1259,1310,0
1260,1311,34
1261,1312,34
1262,1313,30
1263,1314,16
1264,1315,23
1265,1316,0
1266,1317,0
1267,1318,16
1268,1319,36
1269,1320,0
1270,1321,0
1271,1322,12
1272,1323,22
1273,1324,0
1274,1325,30
1275,1326,33
1276,1327,2
1277,1328,13
1278,1329,16
1279,1330,16
1280,1331,30
1281,1332,17
1282,1333,11
1283,1334,2
1284,1335,5
1285,1336,16
1286,1337,29
1287,1338,2
1288,1339,34
1289,1340,0
1290,1341,22
1291,1342,34
1292,1343,5
1293,1344,17
1294,1345,0
1295,1346,0
1296,1348,22
1297,1349,16
1298,1350,30
1299,1351,10
1300,1352,16
1301,1353,18
1302,1354,0
1303,1355,22
1304,1356,10
1305,1357,6
1306,1358,30
1307,1359,10
1308,1360,2
1309,1361,3
1310,1362,33
1311,1363,2
1312,1364,0
1313,1365,34
1314,1366,22
1315,1368,31
1316,1369,2
1317,1370,2
1318,1371,16
1319,1372,16
1320,1373,17
1321,1374,0
1322,1375,22
1323,1376,32
1324,1377,39
1325,1378,34
1326,1379,5
1327,1380,4
1328,1381,0
1329,1382,3
1330,1383,16
1331,1384,34
1332,1385,0
1333,1386,22
1334,1387,18
1335,1388,10
1336,1389,16
1337,1390,8
1338,1391,36
1339,1392,0
1340,1393,22
1341,1394,10
1342,1396,15
1343,1398,18
1344,1399,0
1345,1400,22
1346,1401,16
1347,1402,10
1348,1403,6
1349,1404,36
1350,1405,0
1351,1406,10
1352,1407,0
1353,1408,25
1354,1409,5
1355,1410,39
1356,1411,0
1357,1412,34
1358,1413,34
1359,1414,16
1360,1415,16
1361,1416,18
1362,1417,34
1363,1419,0
1364,1420,5
1365,1421,2
1366,1422,13
1367,1423,33
1368,1424,22
1369,1425,16
1370,1426,16
1371,1427,0
1372,1428,0
1373,1429,34
1374,1430,39
1375,1431,22
1376,1432,0
1377,1433,0
1378,1434,5
1379,1435,5
1380,1436,15
1381,1437,10
1382,1438,32
1383,1439,22
1384,1440,0
1385,1441,16
1386,1442,32
1387,1443,16
1388,1444,16
1389,1445,36
1390,1446,2
1391,1447,22
1392,1448,0
1393,1449,32
1394,1450,0
1395,1451,10
1396,1452,36
1397,1453,22
1398,1454,0
1399,1455,16
1400,1456,32
1401,1457,0
1402,1458,10
1403,1459,2
1404,1460,34
1405,1461,0
1406,1462,34
1407,1463,3
1408,1464,2
1409,1465,34
1410,1466,0
1411,1467,34
1412,1468,20
1413,1469,34
1414,1470,34
1415,1471,0
1416,1472,22
1417,1473,6
1418,1474,10
1419,1475,33
1420,1476,33
1421,1478,10
1422,1479,3
1423,1480,10
1424,1481,0
1425,1482,22
1426,1483,34
1427,1484,5
1428,1485,25
1429,1486,34
1430,1487,18
1431,1488,16
1432,1489,2
1433,1490,16
1434,1491,0
1435,1492,10
1436,1493,5
1437,1494,30
1438,1495,34
1439,1496,2
1440,1497,22
1441,1498,34
1442,1499,36
1443,1500,30
1444,1501,34
1445,1502,10
1446,1503,0
1447,1504,34
1448,1505,34
1449,1507,32
1450,1508,10
1451,1509,0
1452,1510,22
1453,1511,21
1454,1512,12
1455,1513,33
1456,1514,10
1457,1515,16
1458,1516,0
1459,1517,30
1460,1518,2
1461,1519,23
1462,1520,0
1463,1521,22
1464,1522,0
1465,1523,30
1466,1524,3
1467,1525,0
1468,1526,22
1469,1527,21
1470,1528,10
1471,1529,30
1472,1530,10
1473,1531,0
1474,1532,22
1475,1533,15
1476,1535,34
1477,1537,33
1478,1538,10
1479,1539,0
1480,1540,0
1481,1541,21
1482,1542,10
1483,1543,3
1484,1544,16
1485,1545,17
1486,1546,2
1487,1547,2
1488,1548,16
1489,1549,16
1490,1550,2
1491,1551,23
1492,1552,38
1493,1553,34
1494,1554,10
1495,1555,34
1496,1556,16
1497,1557,32
1498,1558,10
1499,1559,16
1500,1560,5
1501,1561,30
1502,1562,5
1503,1563,5
1504,1564,30
1505,1565,2
1506,1566,10
1507,1567,0
1508,1568,10
1509,1569,16
1510,1570,3
1511,1571,34
1512,1572,34
1513,1573,39
1514,1575,0
1515,1576,21
1516,1577,33
1517,1578,34
1518,1579,16
1519,1580,0
1520,1581,2
1521,1582,0
1522,1583,34
1523,1584,22
1524,1585,32
1525,1586,3
1526,1587,2
1527,1588,0
1528,1589,15
1529,1590,10
1530,1592,2
1531,1593,0
1532,1594,5
1533,1595,10
1534,1596,16
1535,1597,39
1536,1598,34
1537,1599,10
1538,1600,32
1539,1601,0
1540,1602,16
1541,1603,10
1542,1604,5
1543,1605,10
1544,1606,30
1545,1607,0
1546,1608,34
1547,1609,38
1548,1610,16
1549,1611,5
1550,1612,10
1551,1613,37
1552,1614,10
1553,1615,37
1554,1616,2
1555,1618,5
1556,1619,36
1557,1620,30
1558,1621,18
1559,1622,34
1560,1623,3
1561,1624,16
1562,1625,34
1563,1626,5
1564,1627,34
1565,1628,0
1566,1629,32
1567,1630,16
1568,1632,16
1569,1633,30
1570,1634,10
1571,1635,16
1572,1636,33
1573,1637,10
1574,1638,34
1575,1639,0
1576,1640,16
1577,1641,3
1578,1642,2
1579,1643,5
1580,1644,2
1581,1645,0
1582,1646,5
1583,1647,39
1584,1648,10
1585,1649,10
1586,1650,28
1587,1653,4
1588,1654,34
1589,1655,0
1590,1656,37
1591,1657,17
1592,1658,34
1593,1659,0
1594,1660,33
1595,1661,22
1596,1662,10
1597,1663,2
1598,1664,0
1599,1665,12
1600,1666,16
1601,1667,16
1602,1668,10
1603,1669,5
1604,1670,0
1605,1671,30
1606,1672,34
1607,1673,3
1608,1674,10
1609,1675,16
1610,1676,10
1611,1677,12
1612,1678,16
1613,1679,30
1614,1680,0
1615,1681,5
1616,1682,30
1617,1683,5
1618,1684,2
1619,1685,33
1620,1686,0
1621,1687,2
1622,1688,23
1623,1689,0
1624,1690,33
1625,1691,18
1626,1692,0
1627,1693,5
1628,1694,11
1629,1695,3
1630,1696,17
1631,1697,0
1632,1698,22
1633,1699,2
1634,1700,0
1635,1701,17
1636,1702,4
1637,1703,11
1638,1704,25
1639,1705,0
1640,1706,34
1641,1707,37
1642,1708,30
1643,1709,3
1644,1710,0
1645,1711,2
1646,1712,18
1647,1713,0
1648,1714,32
1649,1715,0
1650,1716,16
1651,1717,2
1652,1718,0
1653,1719,33
1654,1720,16
1655,1721,16
1656,1722,5
1657,1723,11
1658,1724,2
1659,1725,0
1660,1726,25
1661,1727,10
1662,1728,4
1663,1729,36
1664,1730,0
1665,1731,23
1666,1732,33
1667,1733,34
1668,1734,5
1669,1735,38
1670,1736,25
1671,1737,10
1672,1738,0
1673,1739,17
1674,1740,0
1675,1741,5
1676,1742,3
1677,1743,0
1678,1744,3
1679,1745,34
1680,1746,2
1681,1747,22
1682,1748,38
1683,1749,10
1684,1750,34
1685,1751,2
1686,1752,16
1687,1753,34
1688,1754,33
1689,1755,5
1690,1756,2
1691,1757,0
1692,1758,22
1693,1759,32
1694,1760,16
1695,1761,23
1696,1762,38
1697,1764,25
1698,1765,0
1699,1767,25
1700,1768,25
1701,1770,34
1702,1771,34
1703,1772,38
1704,1774,25
1705,1775,18
1706,1776,25
1707,1777,16
1708,1778,10
1709,1779,18
1710,1780,0
1711,1781,22
1712,1782,3
1713,1783,0
1714,1784,21
1715,1785,16
1716,1786,17
1717,1787,2
1718,1788,22
1719,1789,16
1720,1790,16
1721,1791,24
1722,1792,2
1723,1793,15
1724,1794,0
1725,1795,5
1726,1796,39
1727,1797,30
1728,1799,2
1729,1800,16
1730,1802,30
1731,1803,10
1732,1804,2
1733,1805,0
1734,1806,24
1735,1807,24
1736,1808,17
1737,1809,16
1738,1810,25
1739,1811,30
1740,1812,2
1741,1813,29
1742,1814,0
1743,1815,24
1744,1816,16
1745,1817,30
1746,1818,3
1747,1820,5
1748,1821,16
1749,1822,34
1750,1823,16
1751,1824,4
1752,1825,5
1753,1826,30
1754,1827,34
1755,1828,22
1756,1829,0
1757,1830,5
1758,1831,10
1759,1832,12
1760,1833,34
1761,1834,30
1762,1835,0
1763,1836,22
1764,1837,34
1765,1838,16
1766,1839,33
1767,1840,0
1768,1841,22
1769,1842,10
1770,1843,0
1771,1844,10
1772,1845,34
1773,1846,32
1774,1847,3
1775,1848,16
1776,1849,22
1777,1850,10
1778,1851,33
1779,1852,20
1780,1853,16
1781,1854,2
1782,1855,0
1783,1856,33
1784,1857,34
1785,1858,10
1786,1859,16
1787,1860,10
1788,1861,5
1789,1862,16
1790,1863,30
1791,1864,10
1792,1865,34
1793,1866,22
1794,1867,0
1795,1868,16
1796,1869,5
1797,1870,33
1798,1871,6
1799,1872,38
1800,1873,22
1801,1874,21
1802,1875,5
1803,1876,3
1804,1877,0
1805,1878,22
1806,1879,0
1807,1880,0
1808,1881,0
1809,1882,22
1810,1883,2
1811,1884,16
1812,1885,2
1813,1886,0
1814,1887,16
1815,1888,17
1816,1889,3
1817,1891,22
1818,1892,32
1819,1893,36
1820,1894,2
1821,1895,0
1822,1896,0
1823,1897,22
1824,1898,36
1825,1899,34
1826,1900,38
1827,1901,0
1828,1902,10
1829,1903,30
1830,1904,11
1831,1905,0
1832,1906,0
1833,1907,12
1834,1908,3
1835,1909,3
1836,1910,0
1837,1911,22
1838,1912,30
1839,1913,10
1840,1915,25
1841,1916,10
1842,1917,16
1843,1918,30
1844,1919,10
1845,1920,0
1846,1921,0
1847,1922,11
1848,1923,36
1849,1924,34
1850,1925,22
1851,1926,0
1852,1927,12
1853,1928,28
1854,1930,0
1855,1932,16
1856,1933,30
1857,1934,2
1858,1935,0
1859,1936,22
1860,1937,12
1861,1938,30
1862,1940,0
1863,1941,16
1864,1942,30
1865,1943,2
1866,1944,34
1867,1945,22
1868,1946,16
1869,1947,18
1870,1948,2
1871,1949,0
1872,1950,0
1873,1951,3
1874,1952,2
1875,1953,16
1876,1954,34
1877,1955,22
1878,1956,30
1879,1957,38
1880,1958,38
1881,1959,5
1882,1960,30
1883,1961,34
1884,1962,0
1885,1963,16
1886,1964,30
1887,1965,0
1888,1966,34
1889,1967,22
1890,1968,16
1891,1969,39
1892,1970,0
1893,1971,22
1894,1972,0
1895,1973,5
1896,1974,39
1897,1975,0
1898,1976,0
1899,1977,23
1900,1978,17
1901,1979,34
1902,1980,10
1903,1981,0
1904,1982,34
1905,1983,30
1906,1984,17
1907,1985,34
1908,1986,10
1909,1987,0
1910,1988,36
1911,1989,34
1912,1990,2
1913,1991,0
1914,1992,21
1915,1993,30
1916,1994,34
1917,1995,22
1918,1996,0
1919,1997,34
1920,1998,2
1921,1999,30
1922,2000,2
1923,2001,0
1924,2002,30
1925,2003,34
1926,2004,0
1927,2005,21
1928,2006,0
1929,2007,0
1930,2008,2
1931,2009,19
1932,2010,21
1933,2011,33
1934,2012,2
1935,2013,10
1936,2014,0
1937,2015,21
1938,2016,39
1939,2017,30
1940,2018,34
1941,2019,0
1942,2020,16
1943,2021,39
1944,2022,30
1945,2023,2
1946,2024,0
1947,2025,16
1948,2026,18
1949,2027,0
1950,2028,19
1951,2029,34
1952,2030,21
1953,2031,13
1954,2032,30
1955,2033,0
1956,2034,2
1957,2035,22
1958,2036,30
1959,2038,34
1960,2039,0
1961,2040,22
1962,2041,10
1963,2042,2
1964,2043,28
1965,2044,30
1966,2045,34
1967,2046,0
1968,2047,16
1969,2048,12
1970,2049,33
1971,2050,10
1972,2051,28
1973,2052,22
1974,2053,0
1975,2054,10
1976,2055,37
1977,2056,17
1978,2058,10
1979,2059,17
1980,2062,2
1981,2063,0
1982,2064,22
1983,2065,3
1984,2066,1
1985,2067,0
1986,2068,0
1987,2069,29
1988,2070,16
1989,2071,33
1990,2072,6
1991,2073,12
1992,2075,0
1993,2076,16
1994,2077,12
1995,2078,3
1996,2079,16
1997,2080,22
1998,2081,0
1999,2083,32
2000,2084,3
2001,2085,0
2002,2086,22
2003,2087,16
2004,2088,30
2005,2089,2
2006,2091,0
2007,2092,10
2008,2093,3
2009,2094,0
2010,2095,0
2011,2096,16
2012,2097,39
2013,2098,34
2014,2099,22
2015,2100,2
2016,2101,5
2017,2102,34
2018,2103,34
2019,2104,2
2020,2105,30
2021,2106,22
2022,2107,0
2023,2108,10
2024,2109,16
2025,2110,30
2026,2111,0
2027,2112,2
2028,2113,22
2029,2115,3
2030,2116,23
2031,2117,23
2032,2118,2
2033,2119,0
2034,2120,0
2035,2121,30
2036,2123,0
2037,2124,22
2038,2125,16
2039,2126,39
2040,2127,34
2041,2128,3
2042,2129,34
2043,2130,22
2044,2131,0
2045,2132,34
2046,2133,33
2047,2134,38
2048,2135,38
2049,2136,22
2050,2137,16
2051,2138,11
2052,2139,36
2053,2140,38
2054,2141,2
2055,2142,0
2056,2143,22
2057,2144,30
2058,2145,10
2059,2146,34
2060,2147,22
2061,2148,15
2062,2149,5
2063,2150,10
2064,2151,7
2065,2152,0
2066,2153,22
2067,2154,3
2068,2155,0
2069,2156,30
2070,2157,22
2071,2158,16
2072,2159,16
2073,2160,30
2074,2161,0
2075,2162,22
2076,2163,15
2077,2164,5
2078,2166,30
2079,2167,2
2080,2168,0
2081,2169,25
2082,2170,15
2083,2171,5
2084,2172,33
2085,2173,34
2086,2175,25
2087,2176,0
2088,2177,5
2089,2178,36
2090,2179,2
2091,2180,29
2092,2181,0
2093,2182,16
2094,2183,16
2095,2184,23
2096,2185,0
2097,2186,22
2098,2188,30
2099,2189,22
2100,2190,0
2101,2191,37
2102,2192,16
2103,2193,2
2104,2194,35
2105,2195,38
2106,2196,30
2107,2197,2
2108,2198,0
2109,2199,10
2110,2200,18
2111,2201,30
2112,2202,3
2113,2204,17
2114,2205,0
2115,2206,25
2116,2207,16
2117,2208,30
2118,2209,10
2119,2210,16
2120,2211,16
2121,2212,36
2122,2213,38
2123,2214,22
2124,2215,16
2125,2216,28
2126,2217,0
2127,2218,34
2128,2219,16
2129,2220,0
2130,2221,22
2131,2222,16
2132,2223,21
2133,2224,30
2134,2225,34
2135,2226,34
2136,2227,16
2137,2228,0
2138,2229,0
2139,2230,16
2140,2231,33
2141,2232,2
2142,2233,10
2143,2234,0
2144,2235,21
2145,2236,38
2146,2237,17
2147,2238,33
2148,2239,10
2149,2240,0
2150,2241,22
2151,2242,34
2152,2243,2
2153,2245,2
2154,2246,0
2155,2247,34
2156,2248,22
2157,2249,16
2158,2250,32
2159,2251,36
2160,2252,10
2161,2253,0
2162,2254,12
2163,2255,36
2164,2256,2
2165,2257,34
2166,2258,0
2167,2259,16
2168,2260,32
2169,2261,18
2170,2262,0
2171,2263,2
2172,2264,19
2173,2265,5
2174,2266,16
2175,2267,22
2176,2268,0
2177,2269,5
2178,2270,30
2179,2271,0
2180,2272,22
2181,2273,2
2182,2274,2
2183,2275,34
2184,2276,30
2185,2277,34
2186,2278,2
2187,2279,0
2188,2280,34
2189,2281,30
2190,2282,10
2191,2283,29
2192,2284,0
2193,2285,32
2194,2286,2
2195,2287,2
2196,2288,0
2197,2290,2
2198,2291,2
2199,2292,0
2200,2293,39
2201,2294,2
2202,2295,2
2203,2296,0
2204,2297,36
2205,2298,10
2206,2299,21
2207,2300,34
2208,2301,30
2209,2302,34
2210,2303,5
2211,2304,30
2212,2305,34
2213,2306,0
2214,2307,21
2215,2308,30
2216,2309,0
2217,2310,22
2218,2311,10
2219,2312,2
2220,2313,30
2221,2314,0
2222,2315,22
2223,2316,34
2224,2317,2
2225,2318,30
2226,2319,34
2227,2320,16
2228,2321,22
2229,2322,21
2230,2323,17
2231,2324,34
2232,2325,0
2233,2326,22
2234,2327,3
2235,2328,36
2236,2329,10
2237,2330,0
2238,2331,2
2239,2333,34
2240,2334,36
2241,2335,34
2242,2337,38
2243,2338,5
2244,2339,30
2245,2340,34
2246,2341,10
2247,2342,0
2248,2343,16
2249,2344,30
2250,2346,34
2251,2347,22
2252,2348,0
2253,2349,16
2254,2350,28
2255,2351,10
2256,2352,23
2257,2353,0
2258,2354,36
2259,2355,0
2260,2356,34
2261,2357,2
2262,2358,2
2263,2359,0
2264,2360,21
2265,2362,0
2266,2363,2
2267,2364,0
2268,2365,22
2269,2366,21
2270,2367,1
2271,2368,2
2272,2369,24
2273,2370,0
2274,2371,20
2275,2372,2
2276,2373,34
2277,2374,0
2278,2375,29
2279,2376,22
2280,2377,30
2281,2378,22
2282,2379,0
2283,2380,30
2284,2381,10
2285,2382,10
2286,2383,0
2287,2384,30
2288,2385,18
2289,2386,10
2290,2387,0
2291,2388,0
2292,2389,23
2293,2390,16
2294,2391,36
2295,2392,17
2296,2393,0
2297,2394,2
2298,2395,22
2299,2396,16
2300,2398,0
2301,2399,12
2302,2400,10
2303,2401,22
2304,2402,21
2305,2403,36
2306,2404,22
2307,2405,38
2308,2407,21
2309,2408,36
2310,2409,33
2311,2410,16
2312,2411,0
2313,2412,22
2314,2413,32
2315,2415,34
2316,2416,0
2317,2417,17
2318,2419,0
2319,2420,38
2320,2421,0
2321,2422,18
2322,2423,10
2323,2424,0
2324,2425,34
2325,2426,17
2326,2427,0
2327,2428,0
2328,2429,2
2329,2430,22
2330,2431,16
2331,2432,38
2332,2433,10
2333,2434,17
2334,2435,0
2335,2436,0
2336,2437,2
2337,2439,16
2338,2440,0
2339,2441,5
2340,2442,10
2341,2443,0
2342,2444,16
2343,2445,32
2344,2446,17
2345,2447,38
2346,2448,0
2347,2449,34
2348,2450,16
2349,2451,20
2350,2452,0
2351,2453,17
2352,2454,38
2353,2455,23
2354,2456,16
2355,2457,39
2356,2458,0
2357,2459,0
2358,2461,30
2359,2462,23
2360,2463,36
2361,2464,34
2362,2465,0
2363,2466,16
2364,2467,30
2365,2468,6
2366,2469,0
2367,2470,22
2368,2471,28
2369,2472,33
2370,2473,0
2371,2476,38
2372,2477,16
2373,2478,39
2374,2479,38
2375,2480,34
2376,2481,0
2377,2482,16
2378,2483,18
2379,2484,0
2380,2485,10
2381,2486,2
2382,2487,16
2383,2488,17
2384,2489,22
2385,2490,0
2386,2492,34
2387,2493,6
2388,2494,30
2389,2495,0
2390,2496,34
2391,2497,10
2392,2498,22
2393,2499,22
2394,2500,1
2395,2501,2
2396,2502,3
2397,2503,0
2398,2504,0
2399,2505,18
2400,2506,30
2401,2507,2
2402,2508,2
2403,2509,20
2404,2510,2
2405,2511,16
2406,2512,0
2407,2513,17
2408,2514,0
2409,2515,0
2410,2516,25
2411,2517,30
2412,2518,0
2413,2519,0
2414,2520,0
2415,2521,22
2416,2522,16
2417,2523,6
2418,2524,28
2419,2525,0
2420,2527,22
2421,2528,15
2422,2529,10
2423,2531,20
2424,2532,2
2425,2533,0
2426,2534,22
2427,2535,18
2428,2536,2
2429,2537,0
2430,2538,0
2431,2539,3
2432,2540,16
2433,2541,5
2434,2542,0
2435,2543,28
2436,2544,0
2437,2545,0
2438,2546,22
2439,2547,30
2440,2548,0
2441,2549,22
2442,2550,24
2443,2551,32
2444,2552,10
2445,2553,6
2446,2554,30
2447,2555,34
2448,2557,0
2449,2558,21
2450,2559,2
2451,2560,34
2452,2561,38
2453,2562,3
2454,2563,34
2455,2564,22
2456,2565,0
2457,2566,16
2458,2567,32
2459,2568,25
2460,2569,0
2461,2570,12
2462,2571,36
2463,2572,0
2464,2573,22
2465,2574,3
2466,2575,10
2467,2576,25
2468,2577,0
2469,2578,0
2470,2579,0
2471,2581,6
2472,2582,29
2473,2583,6
2474,2585,10
2475,2586,0
2476,2587,11
2477,2588,36
2478,2589,25
2479,2590,16
2480,2591,30
2481,2592,34
2482,2594,25
2483,2595,16
2484,2596,36
2485,2597,34
2486,2598,12
2487,2599,24
2488,2600,0
2489,2601,30
2490,2603,0
2491,2604,16
2492,2605,22
2493,2606,21
2494,2607,22
2495,2608,0
2496,2609,38
2497,2610,2
2498,2612,16
2499,2613,1
2500,2614,0
2501,2615,24
2502,2616,18
2503,2617,33
2504,2618,10
2505,2619,5
2506,2620,18
2507,2621,10
2508,2622,10
2509,2623,0
2510,2624,6
2511,2625,30
2512,2626,2
2513,2627,16
2514,2628,28
2515,2629,10
2516,2630,2
2517,2631,16
2518,2632,16
2519,2633,30
2520,2634,39
2521,2635,16
2522,2636,22
2523,2637,24
2524,2638,5
2525,2639,16
2526,2641,34
2527,2642,0
2528,2643,5
2529,2644,30
2530,2646,10
2531,2647,15
2532,2648,17
2533,2649,32
2534,2650,32
2535,2651,25
2536,2652,16
2537,2653,33
2538,2654,3
2539,2655,16
2540,2656,2
2541,2657,16
2542,2658,32
2543,2659,3
2544,2660,2
2545,2661,16
2546,2662,17
2547,2663,34
2548,2664,2
2549,2665,2
2550,2666,24
2551,2667,16
2552,2668,17
2553,2669,10
2554,2670,3
2555,2671,16
2556,2672,17
2557,2673,32
2558,2674,33
2559,2676,25
2560,2677,16
2561,2678,5
2562,2679,28
2563,2680,16
2564,2681,2
2565,2682,16
2566,2683,17
2567,2684,10
2568,2685,16
2569,2686,16
2570,2687,32
2571,2688,2
2572,2690,3
2573,2691,3
2574,2692,3
2575,2693,6
2576,2694,16
2577,2695,33
2578,2696,17
2579,2697,32
2580,2698,10
2581,2700,17
2582,2701,16
2583,2702,3
2584,2703,30
2585,2705,2
2586,2706,16
2587,2707,16
2588,2708,32
2589,2709,2
2590,2710,22
2591,2712,30
2592,2713,33
2593,2714,34
2594,2715,33
2595,2716,11
2596,2717,16
2597,2718,16
2598,2719,32
2599,2720,31
2600,2721,16
2601,2722,34
2602,2723,11
2603,2724,10
2604,2725,16
2605,2726,3
2606,2727,31
2607,2730,30
2608,2731,3
2609,2732,10
2610,2733,16
2611,2734,3
2612,2735,3
2613,2737,16
2614,2738,30
2615,2739,16
2616,2740,3
2617,2741,34
2618,2742,30
2619,2743,2
2620,2744,16
2621,2745,32
2622,2746,3
2623,2747,16
2624,2748,20
2625,2749,16
2626,2750,34
2627,2751,39
2628,2752,16
2629,2753,2
2630,2754,33
2631,2755,2
2632,2756,10
2633,2757,16
2634,2758,33
2635,2759,2
2636,2760,3
2637,2761,16
2638,2762,0
2639,2763,36
2640,2764,32
2641,2765,16
2642,2766,2
2643,2767,17
2644,2768,32
2645,2769,3
2646,2770,2
2647,2771,16
2648,2772,34
2649,2773,12
2650,2774,28
2651,2775,10
2652,2776,16
2653,2777,16
2654,2778,28
2655,2779,34
2656,2780,16
2657,2781,16
2658,2782,36
2659,2783,2
2660,2784,3
2661,2785,16
2662,2786,32
2663,2787,22
2664,2788,22
2665,2789,32
2666,2790,30
2667,2792,2
2668,2793,30
2669,2794,3
2670,2795,16
2671,2796,37
2672,2797,4
2673,2798,2
2674,2799,16
2675,2800,16
2676,2801,30
2677,2802,10
2678,2803,12
2679,2804,16
2680,2806,34
2681,2807,20
2682,2809,36
2683,2810,32
2684,2811,34
2685,2812,34
2686,2813,16
2687,2814,34
2688,2815,3
2689,2816,30
2690,2817,3
2691,2818,2
2692,2819,2
2693,2820,22
2694,2821,16
2695,2822,3
2696,2823,2
2697,2824,10
2698,2825,18
2699,2826,3
2700,2827,2
2701,2828,15
2702,2829,18
2703,2830,3
2704,2831,18
2705,2832,0
2706,2834,39
2707,2836,23
2708,2837,30
2709,2838,2
2710,2839,16
2711,2841,17
2712,2844,16
2713,2845,36
2714,2846,3
2715,2847,13
2716,2848,16
2717,2849,17
2718,2850,3
2719,2852,16
2720,2853,30
2721,2854,3
2722,2855,2
2723,2856,16
2724,2857,24
2725,2858,30
2726,2859,10
2727,2860,33
2728,2861,22
2729,2862,0
2730,2863,34
2731,2864,2
2732,2865,16
2733,2866,16
2734,2867,0
2735,2868,28
2736,2869,38
2737,2870,5
2738,2871,28
2739,2872,22
2740,2875,2
2741,2876,0
2742,2877,16
2743,2878,28
2744,2879,10
2745,2880,30
2746,2881,10
2747,2882,24
2748,2883,32
2749,2884,3
2750,2885,2
2751,2886,24
2752,2887,30
2753,2888,3
2754,2889,34
2755,2890,2
2756,2891,2
2757,2892,2
2758,2893,3
2759,2894,33
2760,2896,3
2761,2897,2
2762,2898,16
2763,2899,32
2764,2900,3
2765,2901,2
2766,2903,25
2767,2904,30
2768,2905,3
2769,2906,2
2770,2907,16
2771,2908,17
2772,2910,3
2773,2911,16
2774,2912,33
2775,2913,10
2776,2914,0
2777,2915,6
2778,2916,30
2779,2917,2
2780,2918,0
2781,2919,29
2782,2920,16
2783,2921,33
2784,2922,2
2785,2923,16
2786,2924,16
2787,2925,30
2788,2926,10
2789,2927,36
2790,2928,22
2791,2929,34
2792,2930,5
2793,2931,10
2794,2932,0
2795,2933,27
2796,2934,18
2797,2935,34
2798,2936,34
2799,2937,16
2800,2938,5
2801,2939,6
2802,2940,6
2803,2941,34
2804,2942,6
2805,2943,0
2806,2944,30
2807,2945,3
2808,2946,0
2809,2947,10
2810,2948,2
2811,2949,0
2812,2950,16
2813,2951,39
2814,2952,34
2815,2953,0
2816,2954,22
2817,2955,16
2818,2956,10
2819,2957,30
2820,2958,0
2821,2959,10
2822,2960,20
2823,2961,22
2824,2962,16
2825,2963,34
2826,2964,17
2827,2965,10
2828,2966,38
2829,2967,18
2830,2968,17
2831,2969,2
2832,2970,16
2833,2971,16
2834,2972,0
2835,2973,0
2836,2974,29
2837,2975,36
2838,2976,10
2839,2977,22
2840,2978,0
2841,2979,5
2842,2980,10
2843,2981,33
2844,2982,0
2845,2983,0
2846,2984,16
2847,2985,30
2848,2986,16
2849,2987,10
2850,2988,3
2851,2989,0
2852,2990,16
2853,2991,5
2854,2992,34
2855,2993,2
2856,2994,0
2857,2995,5
2858,2996,17
2859,2997,34
2860,2998,10
2861,2999,2
2862,3000,0
2863,3001,33
2864,3002,25
2865,3003,5
2866,3004,16
2867,3005,16
2868,3006,18
2869,3008,34
2870,3009,15
2871,3010,34
2872,3011,6
2873,3013,15
2874,3014,6
2875,3015,0
2876,3016,13
2877,3017,2
2878,3018,38
2879,3019,36
2880,3020,30
2881,3021,36
2882,3022,34
2883,3023,0
2884,3024,36
2885,3025,0
2886,3026,32
2887,3027,36
2888,3028,2
2889,3029,34
2890,3030,0
2891,3031,34
2892,3032,21
2893,3033,16
2894,3034,30
2895,3035,2
2896,3036,2
2897,3037,22
2898,3038,0
2899,3039,5
2900,3040,21
2901,3041,32
2902,3042,2
2903,3043,16
2904,3044,16
2905,3045,2
2906,3046,4
2907,3047,2
2908,3048,34
2909,3049,22
2910,3050,0
2911,3052,32
2912,3053,10
2913,3054,2
2914,3055,30
2915,3056,34
2916,3057,8
2917,3058,0
2918,3059,16
2919,3060,2
2920,3061,34
2921,3062,3
2922,3063,3
2923,3064,0
2924,3065,30
2925,3066,38
2926,3067,6
2927,3068,3
2928,3069,22
2929,3070,33
2930,3071,35
2931,3072,22
2932,3073,38
2933,3074,33
2934,3076,0
2935,3077,0
2936,3078,5
2937,3079,10
2938,3080,30
2939,3081,0
2940,3082,5
2941,3083,13
2942,3084,33
2943,3085,22
2944,3086,16
2945,3087,30
2946,3088,3
2947,3089,10
2948,3092,22
2949,3093,10
2950,3094,36
2951,3095,0
2952,3096,32
2953,3097,18
2954,3098,38
2955,3099,0
2956,3100,38
2957,3101,5
2958,3102,10
2959,3103,22
2960,3104,34
2961,3105,0
2962,3106,16
2963,3107,16
2964,3108,33
2965,3109,25
2966,3110,16
2967,3111,30
2968,3112,2
2969,3113,10
2970,3114,16
2971,3116,3
2972,3117,34
2973,3118,0
2974,3119,0
2975,3120,22
2976,3121,5
2977,3122,30
2978,3123,22
2979,3124,0
2980,3125,10
2981,3126,5
2982,3127,17
2983,3128,34
2984,3129,0
2985,3130,22
2986,3131,37
2987,3132,39
2988,3133,34
2989,3134,34
2990,3135,2
2991,3136,0
2992,3137,0
2993,3138,22
2994,3139,20
2995,3140,2
2996,3141,5
2997,3142,33
2998,3143,34
2999,3144,3
3000,3145,0
3001,3146,39
3002,3147,34
3003,3148,12
3004,3149,2
3005,3150,19
3006,3151,16
3007,3152,16
3008,3153,30
3009,3154,5
3010,3155,5
3011,3156,38
3012,3157,10
3013,3158,6
3014,3159,20
3015,3161,34
3016,3162,0
3017,3163,34
3018,3164,5
3019,3165,32
3020,3167,3
3021,3168,16
3022,3169,28
3023,3170,34
3024,3171,0
3025,3172,3
3026,3173,5
3027,3174,0
3028,3175,28
3029,3176,0
3030,3177,22
3031,3178,34
3032,3179,13
3033,3180,33
3034,3181,25
3035,3182,24
3036,3183,28
3037,3184,2
3038,3185,2
3039,3186,16
3040,3187,39
3041,3188,34
3042,3189,22
3043,3190,0
3044,3191,30
3045,3192,10
3046,3193,34
3047,3194,22
3048,3195,0
3049,3196,5
3050,3197,30
3051,3198,0
3052,3199,3
3053,3200,22
3054,3201,34
3055,3202,0
3056,3203,12
3057,3204,18
3058,3205,0
3059,3206,10
3060,3207,34
3061,3208,16
3062,3209,33
3063,3210,16
3064,3211,34
3065,3212,2
3066,3213,16
3067,3214,10
3068,3215,30
3069,3216,17
3070,3217,36
3071,3220,25
3072,3222,16
3073,3223,2
3074,3225,0
3075,3226,22
3076,3227,3
3077,3228,32
3078,3230,2
3079,3231,2
3080,3232,2
3081,3233,22
3082,1,10
3083,2,27
3084,5,34
3085,6,27
3086,7,27
3087,12,27
3088,13,22
3089,14,0
3090,19,22
3091,24,2
3092,25,2
3093,26,10
3094,29,3
3095,30,27
3096,32,25
3097,35,27
3098,36,2
3099,37,22
3100,39,26
3101,40,2
3102,41,27
3103,47,27
3104,49,2
3105,50,38
3106,51,29
3107,53,6
3108,54,10
3109,55,34
3110,60,35
3111,61,2
3112,62,16
3113,64,4
3114,67,19
3115,68,0
3116,70,2
3117,72,27
3118,75,19
3119,76,34
3120,81,27
3121,82,10
3122,86,2
3123,87,2
3124,89,27
3125,91,10
3126,92,2
3127,93,27
3128,97,27
3129,98,10
3130,101,2
3131,102,2
3132,104,27
3133,107,2
3134,108,27
3135,109,4
3136,110,34
3137,115,15
3138,118,27
3139,120,27
3140,121,2
3141,122,38
3142,123,34
3143,125,2
3144,128,33
3145,133,27
3146,134,34
3147,137,2
3148,139,23
3149,140,34
3150,141,23
3151,145,34
3152,146,27
3153,148,3
3154,150,10
3155,153,27
3156,154,4
3157,160,27
3158,162,34
3159,164,2
3160,165,27
3161,170,22
3162,172,3
3163,173,2
3164,174,27
3165,177,33
3166,178,2
3167,182,34
3168,184,4
3169,185,27
3170,193,3
3171,195,3
3172,199,2
3173,213,27
3174,214,27
3175,217,0
3176,220,27
3177,222,2
3178,223,27
3179,224,34
3180,227,33
3181,229,0
3182,233,10
3183,235,27
3184,238,16
3185,240,27
3186,246,33
3187,247,27
3188,249,2
3189,250,27
3190,253,33
3191,254,27
3192,255,34
3193,256,9
3194,257,10
3195,258,13
3196,261,12
3197,263,39
3198,264,27
3199,266,10
3200,272,34
3201,274,11
3202,277,34
3203,279,2
3204,282,10
3205,283,27
3206,285,2
3207,290,27
3208,291,10
3209,292,39
3210,294,3
3211,299,2
3212,301,20
3213,307,27
3214,308,9
3215,310,2
3216,319,27
3217,322,2
3218,324,2
3219,325,19
3220,326,0
3221,333,2
3222,337,10
3223,339,3
3224,340,27
3225,341,2
3226,343,2
3227,344,4
3228,346,23
3229,349,27
3230,350,2
3231,351,27
3232,354,2
3233,356,6
3234,358,2
3235,362,2
3236,363,27
3237,366,34
3238,367,34
3239,368,27
3240,369,10
3241,373,2
3242,375,2
3243,378,34
3244,381,2
3245,382,27
3246,383,34
3247,384,34
3248,385,10
3249,387,22
3250,391,2
3251,392,4
3252,393,6
3253,395,3
3254,396,3
3255,399,2
3256,400,0
3257,402,4
3258,403,23
3259,404,33
3260,408,33
3261,410,16
3262,411,6
3263,414,22
3264,421,2
3265,425,34
3266,426,6
3267,432,2
3268,433,34
3269,434,27
3270,435,9
3271,439,27
3272,440,2
3273,443,2
3274,444,27
3275,445,34
3276,446,34
3277,448,2
3278,449,3
3279,450,16
3280,454,27
3281,455,4
3282,457,38
3283,458,2
3284,466,10
3285,469,3
3286,470,2
3287,473,2
3288,474,27
3289,478,10
3290,481,2
3291,482,2
3292,485,10
3293,487,33
3294,490,27
3295,495,16
3296,498,22
3297,499,27
3298,502,2
3299,503,22
3300,504,27
3301,506,30
3302,507,2
3303,513,2
3304,517,2
3305,519,22
3306,520,27
3307,523,26
3308,524,27
3309,526,27
3310,527,2
3311,529,27
3312,530,22
3313,532,34
3314,534,39
3315,537,3
3316,541,27
3317,542,2
3318,544,26
3319,545,3
3320,553,0
3321,554,33
3322,556,2
3323,559,39
3324,561,0
3325,565,16
3326,569,2
3327,573,11
3328,574,27
3329,576,2
3330,579,27
3331,580,27
3332,582,11
3333,583,26
3334,584,27
3335,585,27
3336,587,34
3337,590,22
3338,591,38
3339,592,0
3340,600,2
3341,601,27
3342,602,38
3343,608,34
3344,609,6
3345,610,27
3346,611,10
3347,613,34
3348,614,26
3349,616,27
3350,617,27
3351,619,20
3352,620,27
3353,621,22
3354,622,6
3355,623,38
3356,626,34
3357,628,2
3358,629,2
3359,633,27
3360,635,27
3361,636,22
3362,637,27
3363,641,6
3364,645,34
3365,647,2
3366,649,34
3367,651,2
3368,655,10
3369,656,27
3370,657,3
3371,658,27
3372,659,27
3373,660,10
3374,661,16
3375,662,2
3376,663,27
3377,666,10
3378,673,2
3379,675,34
3380,676,27
3381,678,26
3382,679,4
3383,681,33
3384,684,29
3385,685,26
3386,688,26
3387,691,30
3388,692,2
3389,697,2
3390,698,27
3391,699,10
3392,700,37
3393,702,2
3394,703,27
3395,704,22
3396,705,34
3397,708,4
3398,709,27
3399,711,3
3400,720,34
3401,730,27
3402,732,2
3403,734,34
3404,735,34
3405,739,11
3406,741,2
3407,742,27
3408,743,2
3409,744,10
3410,746,11
3411,747,6
3412,748,27
3413,751,2
3414,752,2
3415,756,27
3416,757,22
3417,758,3
3418,761,27
3419,762,27
3420,763,10
3421,766,2
3422,767,29
3423,768,26
3424,769,2
3425,770,27
3426,771,10
3427,772,26
3428,774,27
3429,775,34
3430,777,26
3431,778,2
3432,780,27
3433,786,6
3434,787,4
3435,789,3
3436,790,2
3437,791,34
3438,793,3
3439,794,10
3440,795,2
3441,797,2
3442,799,0
3443,801,3
3444,802,27
3445,803,22
3446,804,4
3447,806,3
3448,808,34
3449,811,3
3450,812,2
3451,813,39
3452,817,27
3453,818,6
3454,821,33
3455,823,27
3456,824,2
3457,826,27
3458,827,2
3459,828,6
3460,832,27
3461,840,2
3462,845,34
3463,846,2
3464,849,2
3465,853,2
3466,856,23
3467,857,10
3468,858,14
3469,860,2
3470,862,34
3471,863,19
3472,864,2
3473,866,2
3474,867,27
3475,868,6
3476,869,6
3477,873,35
3478,877,27
3479,881,3
3480,882,2
3481,883,27
3482,885,27
3483,887,34
3484,889,2
3485,890,27
3486,892,2
3487,895,27
3488,897,10
3489,898,27
3490,899,3
3491,900,2
3492,902,34
3493,904,2
3494,905,27
3495,906,10
3496,907,10
3497,915,34
3498,916,2
3499,918,38
3500,919,27
3501,922,2
3502,923,27
3503,924,34
3504,927,33
3505,928,27
3506,933,22
3507,934,27
3508,937,2
3509,944,2
3510,946,34
3511,947,34
3512,950,27
3513,951,10
3514,954,30
3515,955,2
3516,957,27
3517,958,4
3518,961,3
3519,967,10
3520,968,27
3521,969,34
3522,974,6
3523,976,4
3524,978,12
3525,980,34
3526,981,2
3527,984,2
3528,985,39
3529,986,27
3530,988,2
3531,990,27
3532,994,27
3533,997,20
3534,999,27
3535,1000,4
3536,1004,34
3537,1008,6
3538,1011,4
3539,1017,27
3540,1020,27
3541,1021,2
3542,1022,22
3543,1023,27
3544,1025,34
3545,1026,27
3546,1029,22
3547,1034,34
3548,1037,2
3549,1038,10
3550,1041,20
3551,1042,2
3552,1045,22
3553,1046,27
3554,1048,2
3555,1051,20
3556,1052,2
3557,1053,27
3558,1054,32
3559,1055,2
3560,1057,2
3561,1061,27
3562,1066,10
3563,1067,27
3564,1068,27
3565,1070,27
3566,1072,13
3567,1075,34
3568,1076,27
3569,1078,12
3570,1080,27
3571,1081,27
3572,1082,25
3573,1086,27
3574,1088,6
3575,1089,27
3576,1093,2
3577,1095,27
3578,1096,34
3579,1099,34
3580,1100,4
3581,1105,34
3582,1106,2
3583,1108,6
3584,1113,2
3585,1116,2
3586,1117,38
3587,1118,27
3588,1124,35
3589,1126,10
3590,1127,35
3591,1131,27
3592,1133,10
3593,1137,4
3594,1138,22
3595,1139,6
3596,1143,27
3597,1144,2
3598,1145,27
3599,1146,34
3600,1149,4
3601,1150,10
3602,1151,3
3603,1152,10
3604,1153,18
3605,1154,10
3606,1155,3
3607,1156,4
3608,1159,29
3609,1161,4
3610,1162,27
3611,1163,22
3612,1164,34
3613,1165,2
3614,1166,27
3615,1167,27
3616,1168,34
3617,1172,26
3618,1173,35
3619,1177,6
3620,1179,33
3621,1180,2
3622,1181,2
3623,1182,27
3624,1183,2
3625,1185,34
3626,1187,2
3627,1192,34
3628,1193,27
3629,1194,15
3630,1196,16
3631,1197,33
3632,1199,3
3633,1204,27
3634,1205,34
3635,1206,6
3636,1207,34
3637,1209,29
3638,1210,2
3639,1211,2
3640,1213,4
3641,1215,4
3642,1217,6
3643,1219,2
3644,1221,16
3645,1222,16
3646,1224,2
3647,1228,34
3648,1229,2
3649,1230,27
3650,1232,12
3651,1236,27
3652,1239,27
3653,1242,6
3654,1243,2
3655,1246,4
3656,1248,33
3657,1249,22
3658,1250,10
3659,1255,10
3660,1257,3
3661,1259,10
3662,1262,27
3663,1263,34
3664,1267,34
3665,1270,35
3666,1276,34
3667,1277,16
3668,1281,34
3669,1282,27
3670,1286,4
3671,1287,25
3672,1291,4
3673,1293,27
3674,1294,6
3675,1301,12
3676,1303,6
3677,1305,2
3678,1306,34
3679,1307,34
3680,1309,20
3681,1310,27
3682,1314,2
3683,1315,38
3684,1316,4
3685,1317,27
3686,1320,34
3687,1321,4
3688,1322,10
3689,1324,27
3690,1328,12
3691,1330,34
3692,1333,3
3693,1335,16
3694,1336,34
3695,1339,2
3696,1340,27
3697,1345,34
3698,1346,27
3699,1351,3
3700,1352,2
3701,1353,26
3702,1354,27
3703,1356,6
3704,1359,2
3705,1364,27
3706,1365,27
3707,1369,3
3708,1370,29
3709,1371,34
3710,1372,34
3711,1373,30
3712,1374,27
3713,1376,3
3714,1378,2
3715,1379,10
3716,1380,0
3717,1381,34
3718,1382,20
3719,1383,2
3720,1384,2
3721,1385,27
3722,1388,6
3723,1392,27
3724,1396,4
3725,1399,27
3726,1401,34
3727,1405,27
3728,1406,2
3729,1407,27
3730,1408,22
3731,1411,34
3732,1412,2
3733,1413,2
3734,1414,10
3735,1415,34
3736,1416,26
3737,1419,27
3738,1420,22
3739,1422,6
3740,1424,10
3741,1425,34
3742,1427,34
3743,1432,34
3744,1434,22
3745,1435,16
3746,1436,4
3747,1438,33
3748,1439,10
3749,1440,34
3750,1441,6
3751,1442,33
3752,1443,2
3753,1448,27
3754,1449,6
3755,1450,34
3756,1451,6
3757,1454,27
3758,1455,2
3759,1456,6
3760,1457,34
3761,1458,6
3762,1461,27
3763,1466,27
3764,1469,2
3765,1470,27
3766,1471,27
3767,1476,29
3768,1478,2
3769,1479,20
3770,1480,11
3771,1481,27
3772,1482,34
3773,1487,34
3774,1491,27
3775,1495,2
3776,1497,19
3777,1499,32
3778,1501,2
3779,1502,2
3780,1503,27
3781,1508,2
3782,1509,27
3783,1512,10
3784,1514,2
3785,1519,2
3786,1520,27
3787,1522,34
3788,1525,27
3789,1526,6
3790,1530,2
3791,1531,34
3792,1533,4
3793,1537,34
3794,1538,2
3795,1540,6
3796,1542,3
3797,1544,34
3798,1549,29
3799,1551,38
3800,1552,29
3801,1553,38
3802,1554,38
3803,1556,10
3804,1557,33
3805,1558,3
3806,1559,2
3807,1560,16
3808,1563,4
3809,1566,2
3810,1567,27
3811,1568,2
3812,1569,34
3813,1575,27
3814,1578,2
3815,1579,10
3816,1585,39
3817,1586,20
3818,1588,19
3819,1593,27
3820,1598,2
3821,1600,2
3822,1601,2
3823,1602,2
3824,1603,3
3825,1607,27
3826,1608,2
3827,1610,34
3828,1612,2
3829,1614,2
3830,1619,32
3831,1621,34
3832,1622,2
3833,1625,2
3834,1626,34
3835,1627,27
3836,1628,19
3837,1630,2
3838,1634,3
3839,1635,2
3840,1637,3
3841,1638,2
3842,1639,34
3843,1640,2
3844,1641,20
3845,1643,16
3846,1645,27
3847,1653,5
3848,1654,27
3849,1655,27
3850,1658,39
3851,1659,27
3852,1664,6
3853,1665,10
3854,1666,10
3855,1667,2
3856,1668,2
3857,1670,27
3858,1672,2
3859,1674,3
3860,1676,2
3861,1677,10
3862,1686,27
3863,1688,2
3864,1689,4
3865,1691,26
3866,1692,27
3867,1694,12
3868,1696,11
3869,1697,27
3870,1698,38
3871,1701,11
3872,1704,22
3873,1705,27
3874,1712,34
3875,1713,27
3876,1714,34
3877,1716,2
3878,1718,34
3879,1720,2
3880,1721,34
3881,1723,12
3882,1725,27
3883,1726,22
3884,1730,4
3885,1731,38
3886,1733,2
3887,1734,2
3888,1735,2
3889,1736,22
3890,1738,4
3891,1739,11
3892,1740,27
3893,1742,20
3894,1743,22
3895,1745,4
3896,1747,34
3897,1750,4
3898,1753,2
3899,1755,16
3900,1757,27
3901,1758,13
3902,1759,6
3903,1761,38
3904,1765,34
3905,1771,27
3906,1780,4
3907,1783,27
3908,1794,27
3909,1803,3
3910,1805,27
3911,1809,10
3912,1813,22
3913,1814,27
3914,1816,2
3915,1820,0
3916,1821,2
3917,1822,2
3918,1827,27
3919,1828,10
3920,1829,27
3921,1830,32
3922,1831,2
3923,1832,34
3924,1833,27
3925,1835,27
3926,1836,13
3927,1837,27
3928,1840,27
3929,1842,2
3930,1844,6
3931,1846,33
3932,1850,2
3933,1853,2
3934,1855,27
3935,1857,2
3936,1858,2
3937,1860,2
3938,1864,2
3939,1865,27
3940,1867,27
3941,1868,13
3942,1871,4
3943,1875,16
3944,1876,20
3945,1877,27
3946,1878,34
3947,1879,18
3948,1880,2
3949,1881,27
3950,1884,2
3951,1886,27
3952,1887,0
3953,1892,33
3954,1895,27
3955,1896,4
3956,1898,23
3957,1904,3
3958,1906,27
3959,1907,10
3960,1910,27
3961,1911,34
3962,1913,3
3963,1915,22
3964,1916,6
3965,1919,2
3966,1920,22
3967,1921,27
3968,1925,10
3969,1926,27
3970,1927,10
3971,1930,27
3972,1932,10
3973,1936,10
3974,1937,10
3975,1940,27
3976,1941,34
3977,1944,27
3978,1945,10
3979,1949,27
3980,1950,34
3981,1951,20
3982,1953,2
3983,1954,27
3984,1955,6
3985,1959,16
3986,1961,2
3987,1962,27
3988,1965,27
3989,1966,38
3990,1967,10
3991,1970,27
3992,1971,34
3993,1972,22
3994,1975,27
3995,1976,22
3996,1977,2
3997,1979,2
3998,1980,2
3999,1981,27
4000,1982,27
4001,1985,2
4002,1986,2
4003,1987,27
4004,1989,2
4005,1991,27
4006,1994,2
4007,1995,10
4008,1996,27
4009,2001,27
4010,2003,2
4011,2004,27
4012,2006,18
4013,2007,2
4014,2013,2
4015,2014,27
4016,2018,2
4017,2019,27
4018,2020,10
4019,2024,27
4020,2025,34
4021,2026,6
4022,2027,2
4023,2033,27
4024,2035,10
4025,2039,27
4026,2041,2
4027,2042,13
4028,2045,27
4029,2046,27
4030,2048,10
4031,2050,2
4032,2052,34
4033,2053,27
4034,2058,3
4035,2063,27
4036,2067,34
4037,2068,27
4038,2069,22
4039,2072,4
4040,2073,34
4041,2077,10
4042,2078,20
4043,2079,2
4044,2080,34
4045,2081,27
4046,2085,27
4047,2086,34
4048,2091,27
4049,2092,2
4050,2094,27
4051,2095,34
4052,2098,27
4053,2101,16
4054,2102,2
4055,2103,2
4056,2107,22
4057,2109,10
4058,2111,27
4059,2116,2
4060,2117,38
4061,2120,34
4062,2123,27
4063,2127,27
4064,2129,27
4065,2130,6
4066,2131,27
4067,2136,29
4068,2142,27
4069,2145,3
4070,2150,2
4071,2151,3
4072,2152,27
4073,2155,27
4074,2161,27
4075,2163,16
4076,2170,16
4077,2173,2
4078,2180,22
4079,2182,33
4080,2183,2
4081,2184,2
4082,2186,34
4083,2189,10
4084,2190,27
4085,2191,3
4086,2192,2
4087,2195,6
4088,2198,27
4089,2199,2
4090,2205,27
4091,2206,22
4092,2207,34
4093,2209,3
4094,2210,2
4095,2211,2
4096,2214,29
4097,2215,2
4098,2217,19
4099,2218,27
4100,2219,2
4101,2220,27
4102,2221,34
4103,2222,34
4104,2225,2
4105,2226,2
4106,2227,2
4107,2228,4
4108,2229,27
4109,2233,2
4110,2234,27
4111,2236,10
4112,2238,34
4113,2239,2
4114,2240,27
4115,2242,2
4116,2245,39
4117,2246,27
4118,2247,27
4119,2250,33
4120,2252,2
4121,2258,19
4122,2260,23
4123,2261,34
4124,2262,2
4125,2265,0
4126,2266,2
4127,2268,27
4128,2271,27
4129,2277,2
4130,2279,27
4131,2282,2
4132,2283,22
4133,2284,27
4134,2285,33
4135,2288,27
4136,2292,27
4137,2296,27
4138,2298,2
4139,2300,2
4140,2302,27
4141,2305,2
4142,2306,27
4143,2309,27
4144,2310,10
4145,2311,2
4146,2314,27
4147,2315,10
4148,2316,2
4149,2320,34
4150,2324,27
4151,2325,27
4152,2326,10
4153,2328,10
4154,2329,2
4155,2330,27
4156,2335,2
4157,2338,16
4158,2340,6
4159,2341,3
4160,2342,27
4161,2346,27
4162,2347,11
4163,2348,27
4164,2349,34
4165,2351,2
4166,2352,29
4167,2353,27
4168,2355,27
4169,2356,27
4170,2359,27
4171,2364,27
4172,2370,27
4173,2373,2
4174,2374,27
4175,2375,22
4176,2379,27
4177,2381,3
4178,2382,38
4179,2383,27
4180,2385,26
4181,2386,3
4182,2387,34
4183,2388,27
4184,2389,38
4185,2391,32
4186,2393,27
4187,2398,27
4188,2399,27
4189,2400,2
4190,2411,27
4191,2413,33
4192,2415,2
4193,2416,27
4194,2419,27
4195,2421,22
4196,2422,26
4197,2423,2
4198,2424,27
4199,2425,27
4200,2427,27
4201,2428,34
4202,2431,2
4203,2432,10
4204,2433,3
4205,2435,27
4206,2436,27
4207,2439,2
4208,2440,27
4209,2441,32
4210,2442,2
4211,2443,27
4212,2444,2
4213,2447,2
4214,2448,27
4215,2449,2
4216,2452,27
4217,2454,2
4218,2455,2
4219,2458,22
4220,2459,27
4221,2462,2
4222,2464,27
4223,2465,27
4224,2468,4
4225,2476,2
4226,2479,2
4227,2480,2
4228,2481,27
4229,2483,26
4230,2484,27
4231,2485,2
4232,2487,26
4233,2489,10
4234,2490,27
4235,2492,6
4236,2495,27
4237,2496,27
4238,2497,3
4239,2498,10
4240,2503,27
4241,2504,22
4242,2512,27
4243,2514,34
4244,2515,27
4245,2516,22
4246,2518,22
4247,2519,27
4248,2520,34
4249,2522,34
4250,2533,27
4251,2537,34
4252,2538,27
4253,2540,2
4254,2541,34
4255,2542,27
4256,2544,27
4257,2545,27
4258,2546,34
4259,2548,34
4260,2550,3
4261,2551,33
4262,2552,2
4263,2553,29
4264,2555,10
4265,2557,27
4266,2560,27
4267,2562,20
4268,2563,2
4269,2564,10
4270,2565,27
4271,2566,2
4272,2568,22
4273,2569,27
4274,2570,34
4275,2572,27
4276,2575,2
4277,2579,34
4278,2582,6
4279,2585,2
4280,2586,27
4281,2590,2
4282,2595,10
4283,2597,27
4284,2598,10
4285,2603,27
4286,2604,0
4287,2607,30
4288,2608,27
4289,2609,2
4290,2612,2
4291,2614,34
4292,2616,34
4293,2617,34
4294,2618,2
4295,2619,9
4296,2622,6
4297,2627,2
4298,2629,3
4299,2631,10
4300,2632,34
4301,2638,0
4302,2639,2
4303,2641,2
4304,2642,34
4305,2643,38
4306,2646,2
4307,2647,16
4308,2649,33
4309,2650,33
4310,2651,22
4311,2655,2
4312,2658,33
4313,2663,39
4314,2669,3
4315,2671,34
4316,2673,33
4317,2676,22
4318,2678,16
4319,2682,34
4320,2684,3
4321,2686,34
4322,2687,33
4323,2698,3
4324,2701,2
4325,2707,34
4326,2708,33
4327,2713,34
4328,2714,2
4329,2717,10
4330,2718,0
4331,2719,33
4332,2720,10
4333,2721,10
4334,2722,39
4335,2723,3
4336,2724,2
4337,2727,30
4338,2732,3
4339,2733,34
4340,2734,20
4341,2744,34
4342,2745,33
4343,2749,2
4344,2750,2
4345,2752,2
4346,2756,3
4347,2757,34
4348,2764,33
4349,2772,2
4350,2775,3
4351,2776,10
4352,2777,10
4353,2779,2
4354,2780,2
4355,2781,10
4356,2786,33
4357,2789,10
4358,2795,34
4359,2797,19
4360,2800,2
4361,2802,3
4362,2804,4
4363,2806,2
4364,2810,33
4365,2811,2
4366,2812,2
4367,2814,2
4368,2823,3
4369,2824,2
4370,2828,16
4371,2829,34
4372,2831,26
4373,2832,22
4374,2836,2
4375,2841,34
4376,2845,0
4377,2848,34
4378,2852,34
4379,2856,34
4380,2859,3
4381,2862,27
4382,2863,2
4383,2867,27
4384,2869,2
4385,2872,35
4386,2876,34
4387,2877,34
4388,2879,3
4389,2881,3
4390,2889,2
4391,2897,29
4392,2899,33
4393,2903,22
4394,2907,10
4395,2911,34
4396,2913,3
4397,2914,34
4398,2918,22
4399,2923,2
4400,2924,10
4401,2926,3
4402,2929,27
4403,2933,4
4404,2935,27
4405,2936,27
4406,2938,25
4407,2941,6
4408,2943,34
4409,2946,34
4410,2947,2
4411,2949,27
4412,2950,0
4413,2953,27
4414,2955,2
4415,2956,3
4416,2958,2
4417,2959,2
4418,2961,6
4419,2962,13
4420,2965,38
4421,2966,11
4422,2973,34
4423,2976,2
4424,2977,10
4425,2978,27
4426,2979,34
4427,2980,2
4428,2982,34
4429,2983,27
4430,2986,2
4431,2987,3
4432,2989,34
4433,2990,34
4434,2994,27
4435,2995,4
4436,2997,2
4437,2998,2
4438,3000,27
4439,3004,34
4440,3015,4
4441,3022,27
4442,3023,4
4443,3025,34
4444,3026,12
4445,3028,29
4446,3029,2
4447,3030,27
4448,3031,2
4449,3035,29
4450,3037,6
4451,3038,2
4452,3039,0
4453,3041,33
4454,3043,2
4455,3044,2
4456,3045,3
4457,3046,35
4458,3048,2
4459,3050,27
4460,3052,13
4461,3056,27
4462,3058,2
4463,3061,2
4464,3064,27
4465,3066,2
4466,3068,20
4467,3069,2
4468,3072,6
4469,3076,27
4470,3079,2
4471,3081,27
4472,3082,25
4473,3083,12
4474,3085,10
4475,3089,2
4476,3095,34
4477,3096,2
4478,3099,34
4479,3101,16
4480,3102,2
4481,3103,6
4482,3104,27
4483,3105,27
4484,3106,2
4485,3107,10
4486,3109,22
4487,3113,3
4488,3114,34
4489,3116,20
4490,3117,2
4491,3118,27
4492,3119,4
4493,3124,27
4494,3128,2
4495,3129,27
4496,3133,2
4497,3134,2
4498,3136,4
4499,3137,27
4500,3143,2
4501,3145,34
4502,3147,2
4503,3148,34
4504,3149,3
4505,3150,3
4506,3151,34
4507,3155,8
4508,3157,6
4509,3158,30
4510,3161,2
4511,3165,33
4512,3168,34
4513,3170,2
4514,3171,27
4515,3172,20
4516,3173,34
4517,3174,27
4518,3176,27
4519,3177,34
4520,3178,2
4521,3181,22
4522,3186,34
4523,3188,39
4524,3189,34
4525,3192,2
4526,3193,27
4527,3195,27
4528,3198,34
4529,3199,6
4530,3201,27
4531,3202,27
4532,3203,10
4533,3205,27
4534,3206,6
4535,3207,2
4536,3208,2
4537,3210,2
4538,3211,2
4539,3213,2
4540,3214,3
4541,3222,2
4542,3223,3
4543,3225,27
4544,3228,33
4545,3233,12
4546,2,4
4547,6,4
4548,7,4
4549,12,4
4550,13,34
4551,19,34
4552,30,4
4553,35,4
4554,37,34
4555,40,6
4556,41,4
4557,47,4
4558,49,6
4559,50,8
4560,51,6
4561,53,30
4562,54,11
4563,55,2
4564,62,8
4565,64,34
4566,72,4
4567,76,27
4568,81,4
4569,82,6
4570,87,6
4571,89,4
4572,92,6
4573,93,4
4574,97,4
4575,98,6
4576,101,6
4577,104,4
4578,107,12
4579,108,4
4580,109,34
4581,110,0
4582,115,27
4583,118,4
4584,120,4
4585,121,6
4586,123,27
4587,125,6
4588,133,4
4589,134,27
4590,139,29
4591,140,0
4592,141,29
4593,145,27
4594,146,4
4595,148,12
4596,150,3
4597,153,4
4598,154,34
4599,160,4
4600,164,6
4601,165,4
4602,174,4
4603,178,6
4604,184,34
4605,185,4
4606,193,12
4607,195,12
4608,213,4
4609,214,4
4610,217,34
4611,220,4
4612,223,4
4613,233,6
4614,235,4
4615,238,2
4616,240,4
4617,247,4
4618,249,6
4619,250,4
4620,254,4
4621,255,27
4622,257,6
4623,258,6
4624,264,4
4625,266,6
4626,277,0
4627,282,6
4628,283,4
4629,285,12
4630,290,4
4631,291,6
4632,299,12
4633,307,4
4634,310,6
4635,319,4
4636,326,34
4637,340,4
4638,341,12
4639,343,6
4640,344,34
4641,346,29
4642,349,4
4643,351,4
4644,362,6
4645,363,4
4646,368,4
4647,369,6
4648,378,0
4649,381,6
4650,382,4
4651,385,6
4652,387,34
4653,395,12
4654,399,6
4655,402,34
4656,403,29
4657,410,8
4658,425,2
4659,426,4
4660,432,6
4661,433,2
4662,434,4
4663,439,4
4664,440,29
4665,443,6
4666,444,4
4667,445,27
4668,449,12
4669,450,8
4670,454,4
4671,455,34
4672,457,3
4673,458,29
4674,466,3
4675,470,12
4676,473,6
4677,474,4
4678,478,12
4679,482,6
4680,490,4
4681,498,34
4682,499,4
4683,502,6
4684,504,4
4685,507,6
4686,517,6
4687,520,4
4688,524,4
4689,526,4
4690,527,6
4691,529,4
4692,541,4
4693,545,12
4694,574,4
4695,579,4
4696,580,4
4697,584,4
4698,585,4
4699,587,0
4700,590,34
4701,591,29
4702,592,34
4703,600,29
4704,601,4
4705,602,3
4706,609,4
4707,610,4
4708,611,6
4709,613,27
4710,616,4
4711,617,4
4712,620,4
4713,621,34
4714,623,29
4715,626,2
4716,633,4
4717,635,4
4718,637,4
4719,649,0
4720,655,30
4721,656,4
4722,657,12
4723,658,4
4724,659,4
4725,663,4
4726,673,6
4727,675,27
4728,676,4
4729,697,12
4730,698,4
4731,703,4
4732,705,0
4733,708,34
4734,709,4
4735,720,23
4736,730,4
4737,734,0
4738,741,6
4739,742,4
4740,743,12
4741,744,12
4742,747,30
4743,748,4
4744,752,29
4745,756,4
4746,757,34
4747,758,12
4748,761,4
4749,762,4
4750,763,3
4751,766,6
4752,769,6
4753,770,4
4754,771,6
4755,774,4
4756,775,0
4757,778,6
4758,780,4
4759,786,4
4760,789,12
4761,791,0
4762,793,12
4763,794,3
4764,797,12
4765,802,4
4766,803,6
4767,804,34
4768,806,12
4769,808,0
4770,823,4
4771,824,29
4772,826,4
4773,827,6
4774,832,4
4775,856,29
4776,857,29
4777,866,3
4778,867,4
4779,869,30
4780,877,4
4781,881,12
4782,883,4
4783,885,4
4784,890,4
4785,895,4
4786,897,6
4787,898,4
4788,900,6
4789,902,27
4790,904,6
4791,905,4
4792,906,6
4793,907,6
4794,918,12
4795,919,4
4796,922,29
4797,923,4
4798,928,4
4799,934,4
4800,937,6
4801,944,6
4802,946,27
4803,950,4
4804,957,4
4805,968,4
4806,969,27
4807,980,27
4808,984,6
4809,986,4
4810,988,6
4811,990,4
4812,994,4
4813,999,4
4814,1000,34
4815,1004,27
4816,1008,30
4817,1017,4
4818,1020,4
4819,1023,4
4820,1025,2
4821,1026,4
4822,1029,38
4823,1034,27
4824,1037,6
4825,1038,6
4826,1045,38
4827,1046,4
4828,1053,4
4829,1054,16
4830,1061,4
4831,1067,4
4832,1068,4
4833,1070,4
4834,1076,4
4835,1080,4
4836,1081,4
4837,1082,34
4838,1086,4
4839,1088,4
4840,1089,4
4841,1095,4
4842,1099,27
4843,1105,27
4844,1106,6
4845,1108,4
4846,1117,29
4847,1118,4
4848,1131,4
4849,1133,6
4850,1143,4
4851,1145,4
4852,1152,6
4853,1154,6
4854,1161,34
4855,1162,4
4856,1163,34
4857,1164,6
4858,1165,12
4859,1166,4
4860,1177,4
4861,1182,4
4862,1183,29
4863,1185,0
4864,1187,6
4865,1192,6
4866,1193,4
4867,1194,27
4868,1199,12
4869,1204,4
4870,1205,27
4871,1217,30
4872,1221,8
4873,1222,8
4874,1224,6
4875,1228,6
4876,1229,29
4877,1230,4
4878,1236,4
4879,1239,4
4880,1250,3
4881,1255,6
4882,1257,12
4883,1259,3
4884,1262,4
4885,1267,2
4886,1277,8
4887,1281,29
4888,1282,4
4889,1287,22
4890,1293,4
4891,1303,30
4892,1305,6
4893,1306,27
4894,1307,27
4895,1310,4
4896,1315,29
4897,1316,34
4898,1317,4
4899,1320,27
4900,1321,34
4901,1322,6
4902,1324,4
4903,1330,0
4904,1335,8
4905,1336,0
4906,1340,4
4907,1345,27
4908,1346,4
4909,1351,12
4910,1354,4
4911,1356,30
4912,1359,6
4913,1364,4
4914,1365,4
4915,1371,0
4916,1374,4
4917,1380,19
4918,1381,23
4919,1385,4
4920,1388,30
4921,1392,4
4922,1399,4
4923,1401,0
4924,1405,4
4925,1406,6
4926,1407,4
4927,1419,4
4928,1420,34
4929,1425,0
4930,1432,27
4931,1439,6
4932,1440,4
4933,1441,4
4934,1448,4
4935,1449,30
4936,1450,23
4937,1451,30
4938,1454,4
4939,1456,30
4940,1457,23
4941,1458,30
4942,1461,4
4943,1466,4
4944,1470,4
4945,1471,4
4946,1478,6
4947,1481,4
4948,1491,4
4949,1497,2
4950,1499,34
4951,1503,4
4952,1508,6
4953,1509,4
4954,1512,6
4955,1514,6
4956,1519,12
4957,1520,4
4958,1522,23
4959,1525,4
4960,1530,6
4961,1531,27
4962,1538,6
4963,1540,30
4964,1544,0
4965,1551,29
4966,1553,12
4967,1554,3
4968,1560,8
4969,1566,3
4970,1567,4
4971,1568,6
4972,1569,0
4973,1575,4
4974,1593,4
4975,1603,12
4976,1607,4
4977,1610,0
4978,1612,6
4979,1614,6
4980,1626,2
4981,1627,4
4982,1634,12
4983,1637,12
4984,1639,27
4985,1643,8
4986,1645,4
4987,1653,34
4988,1654,4
4989,1655,4
4990,1659,4
4991,1664,34
4992,1665,6
4993,1668,6
4994,1670,4
4995,1674,12
4996,1676,6
4997,1677,6
4998,1686,4
4999,1688,12
5000,1689,34
5001,1692,4
5002,1697,4
5003,1698,29
5004,1705,4
5005,1713,4
5006,1714,2
5007,1721,0
5008,1725,4
5009,1730,34
5010,1731,29
5011,1734,8
5012,1736,35
5013,1740,4
5014,1743,10
5015,1747,2
5016,1755,8
5017,1757,4
5018,1759,30
5019,1761,29
5020,1765,27
5021,1771,4
5022,1780,34
5023,1783,4
5024,1794,4
5025,1805,4
5026,1809,3
5027,1813,38
5028,1814,4
5029,1820,34
5030,1827,4
5031,1828,6
5032,1829,4
5033,1831,6
5034,1832,27
5035,1833,4
5036,1835,4
5037,1836,6
5038,1837,4
5039,1840,4
5040,1842,6
5041,1844,30
5042,1850,6
5043,1855,4
5044,1858,6
5045,1860,6
5046,1864,6
5047,1865,4
5048,1867,4
5049,1875,8
5050,1877,4
5051,1881,4
5052,1886,4
5053,1895,4
5054,1896,34
5055,1898,29
5056,1906,4
5057,1907,6
5058,1910,4
5059,1913,12
5060,1916,30
5061,1919,6
5062,1920,34
5063,1921,4
5064,1926,4
5065,1927,6
5066,1930,4
5067,1932,6
5068,1937,6
5069,1940,4
5070,1941,0
5071,1944,4
5072,1949,4
5073,1950,27
5074,1954,4
5075,1959,8
5076,1962,4
5077,1965,4
5078,1970,4
5079,1971,6
5080,1972,34
5081,1975,4
5082,1976,34
5083,1977,12
5084,1980,6
5085,1981,4
5086,1982,4
5087,1986,6
5088,1987,4
5089,1991,4
5090,1996,4
5091,2001,4
5092,2004,4
5093,2013,6
5094,2014,4
5095,2019,4
5096,2024,4
5097,2025,0
5098,2033,4
5099,2039,4
5100,2041,6
5101,2045,4
5102,2046,4
5103,2048,6
5104,2050,6
5105,2053,4
5106,2058,12
5107,2063,4
5108,2067,27
5109,2068,4
5110,2069,38
5111,2073,27
5112,2077,6
5113,2081,4
5114,2085,4
5115,2086,6
5116,2091,4
5117,2092,6
5118,2094,4
5119,2095,27
5120,2098,4
5121,2101,8
5122,2111,4
5123,2116,12
5124,2117,29
5125,2123,4
5126,2127,4
5127,2129,4
5128,2131,4
5129,2142,4
5130,2145,12
5131,2150,6
5132,2151,30
5133,2152,4
5134,2155,4
5135,2161,4
5136,2180,38
5137,2184,12
5138,2190,4
5139,2195,4
5140,2198,4
5141,2199,3
5142,2205,4
5143,2209,12
5144,2218,4
5145,2220,4
5146,2228,34
5147,2229,4
5148,2233,6
5149,2234,4
5150,2236,3
5151,2239,6
5152,2240,4
5153,2246,4
5154,2247,4
5155,2252,6
5156,2260,29
5157,2268,4
5158,2271,4
5159,2279,4
5160,2283,38
5161,2284,4
5162,2288,4
5163,2292,4
5164,2296,4
5165,2298,6
5166,2302,4
5167,2306,4
5168,2309,4
5169,2311,3
5170,2314,4
5171,2320,0
5172,2324,4
5173,2325,4
5174,2329,6
5175,2330,4
5176,2338,8
5177,2342,4
5178,2346,4
5179,2348,4
5180,2349,0
5181,2351,6
5182,2352,8
5183,2353,4
5184,2355,4
5185,2356,4
5186,2359,4
5187,2364,4
5188,2370,4
5189,2374,4
5190,2375,38
5191,2379,4
5192,2382,3
5193,2383,4
5194,2387,2
5195,2388,4
5196,2389,29
5197,2393,4
5198,2398,4
5199,2399,39
5200,2400,6
5201,2411,4
5202,2416,4
5203,2419,4
5204,2421,34
5205,2423,6
5206,2424,4
5207,2425,4
5208,2427,4
5209,2428,2
5210,2432,3
5211,2433,12
5212,2435,4
5213,2436,4
5214,2440,4
5215,2442,6
5216,2443,4
5217,2447,29
5218,2448,4
5219,2452,4
5220,2454,29
5221,2455,12
5222,2458,34
5223,2459,4
5224,2462,12
5225,2464,4
5226,2465,4
5227,2476,29
5228,2479,29
5229,2481,4
5230,2484,4
5231,2489,29
5232,2490,4
5233,2492,4
5234,2495,4
5235,2496,4
5236,2498,6
5237,2503,4
5238,2504,34
5239,2512,4
5240,2514,2
5241,2515,4
5242,2518,34
5243,2519,4
5244,2520,27
5245,2522,0
5246,2533,4
5247,2537,10
5248,2538,4
5249,2542,4
5250,2544,4
5251,2545,4
5252,2548,27
5253,2551,29
5254,2552,6
5255,2553,8
5256,2557,4
5257,2560,4
5258,2565,4
5259,2569,4
5260,2570,27
5261,2572,4
5262,2575,6
5263,2585,6
5264,2586,4
5265,2595,3
5266,2597,4
5267,2598,6
5268,2603,4
5269,2608,4
5270,2609,29
5271,2614,29
5272,2618,6
5273,2629,12
5274,2632,0
5275,2638,34
5276,2642,38
5277,2643,29
5278,2646,6
5279,2647,0
5280,2671,26
5281,2678,8
5282,2682,0
5283,2686,6
5284,2717,3
5285,2720,3
5286,2721,3
5287,2724,6
5288,2732,12
5289,2733,0
5290,2744,0
5291,2757,0
5292,2775,12
5293,2776,3
5294,2777,3
5295,2781,3
5296,2795,0
5297,2797,34
5298,2824,6
5299,2832,34
5300,2836,12
5301,2845,34
5302,2856,0
5303,2859,12
5304,2862,4
5305,2867,4
5306,2869,29
5307,2876,2
5308,2877,0
5309,2879,12
5310,2899,11
5311,2907,3
5312,2911,0
5313,2914,2
5314,2918,34
5315,2924,3
5316,2926,12
5317,2929,4
5318,2935,4
5319,2936,4
5320,2938,22
5321,2941,4
5322,2946,2
5323,2947,6
5324,2949,4
5325,2953,4
5326,2965,3
5327,2966,35
5328,2976,6
5329,2977,6
5330,2978,4
5331,2980,6
5332,2982,23
5333,2983,4
5334,2987,12
5335,2990,38
5336,2994,4
5337,2998,6
5338,3000,4
5339,3004,0
5340,3022,4
5341,3023,34
5342,3025,27
5343,3030,4
5344,3039,34
5345,3046,12
5346,3050,4
5347,3056,4
5348,3064,4
5349,3066,29
5350,3076,4
5351,3079,6
5352,3081,4
5353,3082,22
5354,3089,6
5355,3095,27
5356,3099,2
5357,3101,8
5358,3102,6
5359,3104,4
5360,3105,4
5361,3107,6
5362,3113,12
5363,3118,4
5364,3119,34
5365,3124,4
5366,3129,4
5367,3136,34
5368,3137,4
5369,3145,27
5370,3148,27
5371,3151,0
5372,3157,30
5373,3158,22
5374,3168,0
5375,3171,4
5376,3174,4
5377,3176,4
5378,3186,0
5379,3189,7
5380,3192,6
5381,3193,4
5382,3195,4
5383,3198,11
5384,3199,39
5385,3201,4
5386,3202,4
5387,3203,6
5388,3205,4
5389,3206,30
5390,3214,12
5391,3225,4
5392,13,23
5393,19,23
5394,37,23
5395,40,30
5396,49,30
5397,54,4
5398,64,23
5399,76,4
5400,87,30
5401,92,30
5402,98,30
5403,101,30
5404,109,23
5405,121,30
5406,125,30
5407,134,4
5408,139,8
5409,141,8
5410,145,4
5411,154,23
5412,164,30
5413,178,30
5414,184,23
5415,217,23
5416,233,30
5417,249,30
5418,255,4
5419,257,30
5420,266,30
5421,282,30
5422,291,30
5423,310,30
5424,343,30
5425,344,23
5426,346,8
5427,362,30
5428,369,30
5429,381,30
5430,385,30
5431,387,23
5432,399,30
5433,402,23
5434,403,8
5435,432,30
5436,443,30
5437,455,23
5438,473,30
5439,482,30
5440,502,30
5441,507,30
5442,517,30
5443,527,30
5444,587,30
5445,590,13
5446,591,8
5447,611,30
5448,621,23
5449,623,8
5450,673,30
5451,675,4
5452,708,23
5453,741,30
5454,752,8
5455,766,30
5456,769,30
5457,771,30
5458,778,30
5459,803,4
5460,804,23
5461,827,30
5462,856,8
5463,857,8
5464,869,10
5465,897,30
5466,900,30
5467,902,4
5468,904,30
5469,906,30
5470,907,4
5471,937,30
5472,944,30
5473,969,4
5474,980,4
5475,984,30
5476,988,30
5477,1000,23
5478,1029,2
5479,1034,4
5480,1037,30
5481,1038,30
5482,1045,2
5483,1054,0
5484,1105,4
5485,1106,30
5486,1117,8
5487,1133,30
5488,1152,30
5489,1154,30
5490,1161,23
5491,1187,30
5492,1217,10
5493,1224,30
5494,1228,4
5495,1255,30
5496,1305,30
5497,1315,8
5498,1316,23
5499,1320,4
5500,1321,23
5501,1322,30
5502,1345,4
5503,1359,30
5504,1380,27
5505,1406,30
5506,1432,4
5507,1439,30
5508,1449,10
5509,1450,26
5510,1456,10
5511,1478,30
5512,1497,34
5513,1508,30
5514,1512,30
5515,1514,30
5516,1530,30
5517,1531,4
5518,1538,30
5519,1540,22
5520,1551,8
5521,1568,30
5522,1612,30
5523,1614,30
5524,1639,4
5525,1653,27
5526,1664,30
5527,1665,30
5528,1668,30
5529,1676,30
5530,1677,30
5531,1689,23
5532,1698,2
5533,1730,23
5534,1731,8
5535,1759,10
5536,1761,8
5537,1765,4
5538,1780,23
5539,1813,2
5540,1820,10
5541,1828,30
5542,1831,30
5543,1842,30
5544,1850,30
5545,1858,30
5546,1860,30
5547,1864,30
5548,1896,23
5549,1898,8
5550,1907,30
5551,1919,30
5552,1927,30
5553,1937,30
5554,1950,4
5555,1972,23
5556,1976,23
5557,1980,30
5558,1986,30
5559,2013,30
5560,2041,30
5561,2048,30
5562,2050,30
5563,2067,4
5564,2069,2
5565,2077,30
5566,2092,30
5567,2095,4
5568,2117,8
5569,2150,30
5570,2180,2
5571,2228,23
5572,2233,30
5573,2236,12
5574,2239,30
5575,2252,30
5576,2260,8
5577,2283,2
5578,2298,30
5579,2329,30
5580,2351,30
5581,2375,2
5582,2389,8
5583,2400,30
5584,2421,23
5585,2423,30
5586,2432,12
5587,2442,30
5588,2458,23
5589,2498,30
5590,2504,23
5591,2520,4
5592,2537,6
5593,2548,4
5594,2551,8
5595,2552,30
5596,2553,23
5597,2575,30
5598,2585,30
5599,2598,30
5600,2614,8
5601,2618,30
5602,2646,30
5603,2720,12
5604,2724,30
5605,2797,27
5606,2824,30
5607,2832,23
5608,2845,23
5609,2918,23
5610,2947,30
5611,2976,30
5612,2977,30
5613,2980,30
5614,2990,0
5615,2998,30
5616,3023,23
5617,3025,4
5618,3039,10
5619,3079,30
5620,3089,30
5621,3095,4
5622,3102,30
5623,3119,23
5624,3136,23
5625,3145,4
5626,3158,10
5627,3192,30
5628,3198,3
5629,3203,30
5630,64,27
5631,109,27
5632,154,27
5633,184,27
5634,344,27
5635,402,27
5636,455,27
5637,708,27
5638,804,27
5639,869,12
5640,1000,27
5641,1161,27
5642,1217,12
5643,1316,27
5644,1321,27
5645,1449,12
5646,1456,12
5647,1540,10
5648,1664,10
5649,1689,27
5650,1730,27
5651,1759,12
5652,1780,27
5653,1896,27
5654,2228,27
5655,2551,23
5656,2553,38
5657,2614,23
5658,3023,27
5659,3119,27
5660,3136,27
5661,3158,26
5662,2551,10
5663,2614,25
